Content ID,Unique User Count,Unique Reaction Count,Mean Reaction Sentiment,Median Reaction Sentiment,Overall Sentiment,Category,Sentiment Difference
004e820e-49c3-4ba2-9d02-62db0065410c,1,1,60.0,60,positive,tennis,0.0
00d0cdf9-5919-4102-bf84-ebde253c3cd2,40,16,41.333333333333336,45,positive,healthy eating,3.6666666666666643
01396602-c759-4a17-90f0-8f9b3ca11b30,35,14,29.333333333333332,20,neutral,tennis,9.333333333333332
019b61f4-926c-438e-adaf-6119c5eab752,12,8,33.666666666666664,30,positive,miscellaneous,3.6666666666666643
01ab84dd-6364-4236-abbb-3f237db77180,1,1,15.0,15,negative,food,0.0
01aff5ec-2aa8-412e-99ec-526f0f9a6d5e,39,14,44.92307692307692,50,positive,fitness,5.07692307692308
02664d35-87cf-46a6-a80b-78fbc9ac8b2f,32,15,38.3125,45,positive,science,6.6875
026973ef-4b73-4901-9160-bc9e04516057,32,14,47.0,50,positive,culture,3.0
0289b7bc-bc95-4f1d-83fe-9ca662194158,27,13,38.22222222222222,30,positive,tennis,8.222222222222221
02ba5af1-784a-44cc-ae3a-14833c4a2237,44,14,43.61363636363637,50,positive,healthy eating,6.386363636363633
02c9f76b-f9cc-48c5-aedf-73f37c637a71,10,8,50.5,50,positive,veganism,0.5
02fa1c4f-722d-46d2-a85e-e5b136b5f3bc,27,11,29.88888888888889,20,neutral,cooking,9.88888888888889
02fca291-d239-4303-8725-1c114be2f32a,6,4,5.333333333333333,5,negative,miscellaneous,0.33333333333333304
03344240-df23-421d-b0e3-4fac72fe6cd8,23,12,45.26086956521739,50,positive,fitness,4.739130434782609
037189e3-18c0-4f6c-a8cc-d6b86d679891,4,4,41.75,35,neutral,food,6.75
03750ad9-8d8e-4f8c-aec6-8766c9a0184f,6,5,43.166666666666664,35,neutral,tennis,8.166666666666664
03e51c25-cba9-471b-b627-f15550b83fca,35,14,44.30555555555556,45,positive,veganism,0.6944444444444429
03ed0e2b-bd63-4079-8910-62c187526ca0,42,16,41.714285714285715,45,positive,healthy eating,3.2857142857142847
0411a1da-97e1-44b6-945d-06b4682ba802,28,13,47.32142857142857,60,positive,technology,12.67857142857143
041bf6c9-8b33-4ca0-a787-762eb8837d0c,40,15,41.80952380952381,45,positive,miscellaneous,3.19047619047619
0491183b-be25-4108-b667-8c30d3cdbf50,9,8,38.0,35,neutral,veganism,3.0
049c926f-9095-4bb2-a464-666a68257f61,38,12,41.15,45,positive,dogs,3.8500000000000014
04e1996d-ccb3-4b19-923a-8dc2a52e4bd4,15,13,39.06666666666667,35,neutral,education,4.06666666666667
05776481-7b58-46d8-abf6-bf4de7831287,28,13,35.607142857142854,35,neutral,travel,0.6071428571428541
05805658-8744-4cc4-825d-cbfed0ecea7c,20,15,37.85,30,positive,technology,7.850000000000001
062cbf2f-fc22-4357-8890-63e7f13fcd37,21,14,36.095238095238095,30,positive,education,6.095238095238095
0646f8f9-e558-4893-bb28-2228eb0c9323,5,4,44.0,35,neutral,fitness,9.0
06a70268-f59a-44b4-8ccc-6c8e6625a491,5,5,62.4,70,positive,tennis,7.600000000000001
0701343b-6105-40e4-b275-7f3d292b9e20,26,13,44.0,45,positive,tennis,1.0
072fb6c2-1505-408a-a35d-f0c4ffaf2696,4,3,51.25,65,positive,fitness,13.75
07f88a73-aef2-45fd-8b5d-418e448b853d,9,7,44.111111111111114,50,positive,miscellaneous,5.888888888888886
088e2e43-61a8-475f-a3e6-061f626b0f16,37,14,37.3421052631579,35,neutral,veganism,2.3421052631578974
08cc29f3-a22d-4652-8f27-ff9e0a826289,17,9,43.529411764705884,50,positive,technology,6.470588235294116
09bb0893-a05b-49bc-95ec-1e158577bf13,24,12,49.34615384615385,60,positive,healthy eating,10.653846153846153
09f2e925-5086-42ad-8160-e763396a36ca,30,16,38.125,35,neutral,dogs,3.125
09f5578e-6cf1-4e80-b102-7aae7b9d5d67,7,5,58.875,65,positive,studying,6.125
0a390a93-0e59-4a7a-a12c-d3f5ce4924fe,40,14,41.595238095238095,35,neutral,public speaking,6.595238095238095
0ac85d23-c8ba-49ed-bec1-493b960a88c0,32,15,46.06060606060606,50,positive,science,3.9393939393939377
0adb9a94-210a-4e84-bca1-13db9452ff0e,23,10,46.47826086956522,60,positive,miscellaneous,13.521739130434781
0be329af-19d6-4a34-8bc1-f4391e9877dd,4,4,33.75,20,neutral,dogs,13.75
0be59876-d70c-486c-8e0b-a06bef7a2cd6,42,13,36.58139534883721,35,neutral,tennis,1.5813953488372121
0bedca96-fb76-4287-a83c-17330ed39cce,11,9,49.63636363636363,65,positive,soccer,15.363636363636367
0c042b6c-725e-4591-a666-cf32c5ec7cc8,15,8,33.93333333333333,35,neutral,miscellaneous,1.06666666666667
0c2bd955-f00f-4c2f-8999-7cc0ada4b3e7,24,12,34.875,30,positive,animals,4.875
0c6e8e2a-7692-4490-b545-f76b0d06697a,30,13,40.833333333333336,45,positive,animals,4.166666666666664
0c91753a-0bb4-4b77-a919-96c2f998ad91,37,13,40.30769230769231,45,positive,fitness,4.692307692307693
0ce7392d-5c20-4ffa-a42f-767f51e9b466,28,12,34.67857142857143,30,positive,travel,4.678571428571431
0d3d0a35-f806-4536-8733-abf1f92763e2,25,12,46.07692307692308,60,positive,miscellaneous,13.92307692307692
0d5eb9fd-879d-4716-aebc-840f7b1b7e9f,19,10,32.89473684210526,35,neutral,dogs,2.10526315789474
0da2523f-acc4-4687-9844-45eaa5e90c65,24,11,39.48,35,neutral,technology,4.479999999999997
0e2169f4-b881-42d0-b99c-034b32f83504,42,14,40.88095238095238,45,positive,food,4.11904761904762
0f1cb5c0-ac2a-4c8a-9fb9-115d60493247,37,14,37.351351351351354,35,neutral,miscellaneous,2.3513513513513544
0f254679-b92b-4a2c-84b0-ba6f84f59a33,7,5,44.285714285714285,60,positive,veganism,15.714285714285715
0fbdd670-a266-4805-9bbc-c5ad73cf97b3,24,14,36.11538461538461,30,positive,miscellaneous,6.115384615384613
1000371f-7758-4c44-a1bc-41fd836b0bcb,18,13,40.111111111111114,35,neutral,studying,5.111111111111114
10683ab8-914b-43ae-ad2d-b2fd6a48dc33,33,14,41.638888888888886,30,positive,soccer,11.638888888888886
1089b539-bbb6-4ef7-ba3e-a15af2bc5f42,2,2,66.0,60,positive,miscellaneous,6.0
10baeb43-5bb2-49df-9644-f91a3c77725a,13,8,48.46153846153846,50,positive,miscellaneous,1.53846153846154
10df3489-3d58-4929-977c-d3e7e177f5fd,4,4,46.75,45,positive,studying,1.75
1157961e-120e-4b2d-8fb2-705433ed9918,9,5,61.111111111111114,60,positive,veganism,1.1111111111111143
116451da-4b67-4bcb-b43b-b19a914e0d36,29,15,41.43333333333333,35,neutral,food,6.43333333333333
11b96207-c1c5-4083-948d-2942684aae0d,36,14,39.111111111111114,35,neutral,studying,4.111111111111114
1287b5c5-604b-462b-bf77-e64a8e89739e,38,14,37.166666666666664,35,neutral,miscellaneous,2.1666666666666643
12a7140a-6fe7-41e2-b2b4-75d913fcca1e,27,15,45.55172413793103,50,positive,studying,4.448275862068968
12b89b4e-6770-489a-b7c3-812de3d61f20,2,2,40.0,10,negative,education,30.0
12c49449-a896-48cb-a33b-47e8952f23a7,8,7,42.75,30,positive,fitness,12.75
13a4d35c-761c-47a3-b25b-5cc5825d04f2,15,11,41.13333333333333,45,positive,travel,3.866666666666667
140a5163-66d8-4a11-8d4e-a670483bb852,37,14,37.76315789473684,35,neutral,science,2.7631578947368425
1413f582-4261-4037-93bd-7356b0e9e017,1,1,35.0,35,neutral,veganism,0.0
1429467d-e8a2-4292-bd46-921e8bd87b30,20,13,43.666666666666664,50,positive,public speaking,6.333333333333336
145ed259-6151-4021-bc13-a0b5482e5bd8,18,11,31.833333333333332,20,neutral,miscellaneous,11.833333333333332
14ebfb59-8d36-4857-b8e2-b6d2fb3b243d,23,12,41.916666666666664,35,neutral,studying,6.916666666666664
14ed7f7b-2c96-4458-8a39-606c25c14180,6,6,35.833333333333336,20,neutral,tennis,15.833333333333336
1517abf6-67ed-47e1-9b9b-7e79a23a4d22,23,12,35.08695652173913,20,neutral,education,15.086956521739133
15dc9c91-11a7-45d6-ba68-107e6d4dcf7b,10,8,36.81818181818182,35,neutral,miscellaneous,1.8181818181818201
15e13281-8bd0-4f40-a0fa-44749cf32378,7,7,47.857142857142854,60,positive,dogs,12.142857142857146
16757b80-2803-4464-b5d7-e372d8d77337,1,1,5.0,5,negative,technology,0.0
16f8b629-5173-420f-9c8b-577313e9e128,35,14,33.166666666666664,20,neutral,miscellaneous,13.166666666666664
16fb5dcb-4349-4831-acf2-8c116ad7dae5,17,10,37.77777777777778,30,positive,technology,7.777777777777779
1735c0ee-4834-4428-8e6c-014e8fd44bc5,31,14,36.096774193548384,35,neutral,technology,1.0967741935483843
178f85a7-c2d1-4127-94d2-30adf96ae7fd,30,12,33.4,30,positive,miscellaneous,3.3999999999999986
17e3a8c5-ecb6-445d-8b69-f8c202d08549,40,15,39.06976744186046,35,neutral,cooking,4.0697674418604635
1830df30-c239-4287-8d63-fadcb8ced884,10,9,32.90909090909091,30,positive,veganism,2.9090909090909065
18a07663-ba3c-4ff9-94d3-bd533aa853c2,21,12,52.63636363636363,60,positive,veganism,7.363636363636367
18b4da8a-5f22-4dbe-b2af-c9013581cdd9,36,14,43.22222222222222,45,positive,studying,1.7777777777777786
18cb1ce7-fb66-4a56-8042-e38c9593ade1,37,16,39.9,35,neutral,miscellaneous,4.899999999999999
19179d57-4950-4a98-87fa-98f824551a6f,36,14,45.5945945945946,50,positive,education,4.4054054054054035
1934a201-0590-41af-bf40-5ddd6254d744,29,12,43.41379310344828,50,positive,education,6.586206896551722
194f1ad7-43bf-4cdd-a01b-e6947df47403,4,4,18.75,5,negative,tennis,13.75
197dafda-42bd-4a0c-93b1-2ec8bb0214f6,12,9,40.833333333333336,45,positive,miscellaneous,4.166666666666664
1987b43d-bcb9-4ab0-8634-ef3623928e94,31,11,48.54838709677419,60,positive,miscellaneous,11.451612903225808
19f998c4-270b-489d-bea6-ae161d301923,28,13,36.0,20,neutral,travel,16.0
1a5b511a-7199-4f05-988a-1f1d0380ca11,35,16,42.80555555555556,45,positive,travel,2.194444444444443
1a69604e-95a0-4b91-8051-f3730b7e009b,11,6,59.09090909090909,60,positive,fitness,0.9090909090909065
1b6f05f1-df9e-4ad4-989e-029baf20478f,35,14,41.81578947368421,50,positive,fitness,8.184210526315788
1b7d1f70-21dd-483b-b395-e15f4c2368f1,16,11,38.5625,30,positive,animals,8.5625
1bbdebad-2218-46fd-8afc-ddd9b4d56d97,8,7,52.75,60,positive,veganism,7.25
1bbfe52f-37e2-4874-8422-161a60b331e1,36,14,40.083333333333336,35,neutral,culture,5.083333333333336
1beeffff-f261-435f-a109-6fafe46669d4,31,14,35.666666666666664,35,neutral,public speaking,0.6666666666666643
1c6be4a3-85ae-48da-81ff-44262690af51,24,14,47.23076923076923,50,positive,education,2.7692307692307665
1c77e474-0cc6-40ac-b48b-cbc511bffc77,32,13,49.25,50,positive,healthy eating,0.75
1cd59d79-a2ca-4a99-92aa-2775117c4589,29,16,38.3125,30,positive,science,8.3125
1d8fbfdc-3c0f-4fbf-ac50-f812ce9db36e,30,14,30.806451612903224,20,neutral,miscellaneous,10.806451612903224
1dbed432-50e6-4955-9ac8-798fb60b2f0e,33,13,40.15151515151515,35,neutral,science,5.151515151515149
1de2f0f9-61ab-43fb-9180-6870824c63c0,19,14,31.263157894736842,30,positive,science,1.2631578947368425
1dec5263-8a54-43fb-bfbe-a388d2919e74,25,11,43.148148148148145,35,neutral,food,8.148148148148145
1e1a8878-0435-4171-97e6-fddb4abc3452,10,8,51.7,65,positive,healthy eating,13.299999999999997
1e773c55-ec7e-47f2-916d-98d0b778a048,32,15,42.36363636363637,50,positive,food,7.636363636363633
1f0ed2b8-8531-416f-b694-a40a63f378a0,25,14,41.074074074074076,45,positive,animals,3.925925925925924
1f466010-5c87-4b81-be83-5856481231fb,35,14,38.0,35,neutral,soccer,3.0
2019333d-2b9c-4a22-904c-d1f1aa9c68bb,25,14,43.666666666666664,50,positive,food,6.333333333333336
2073855c-fab2-41ee-ad15-d4269b2ac4bd,5,3,72.4,72,positive,education,0.4000000000000057
212b7926-c743-45d9-85f2-63e0e8f85208,7,6,43.57142857142857,50,positive,dogs,6.428571428571431
217f4060-b378-4d79-992f-20502d407f7c,26,11,43.74074074074074,35,neutral,cooking,8.74074074074074
218838d8-52f4-4608-a1ba-d8988cc3d029,29,12,34.89655172413793,30,positive,food,4.896551724137929
21bc3be6-6bd1-4926-8bee-c4585873851b,33,15,34.03030303030303,20,neutral,soccer,14.030303030303031
21bc508c-dd96-4fb1-b8a1-a92bef9fa666,18,12,48.55555555555556,60,positive,miscellaneous,11.444444444444443
21dfb75d-9d98-4627-b074-f4372025d23f,40,16,28.8,20,neutral,culture,8.8
220d9dc1-f8a5-422d-b200-3819f3b89b2b,37,16,39.486486486486484,45,positive,dogs,5.513513513513516
2240bbde-db67-4d73-b885-f0117b4b2080,26,14,42.80769230769231,45,positive,miscellaneous,2.1923076923076934
227a8c57-e5a0-46a8-999d-fcdea42c0905,18,12,41.94444444444444,45,positive,education,3.055555555555557
2297a93f-370d-47e7-8df3-3d464b3a0c0a,12,10,38.0,45,positive,healthy eating,7.0
229d5bad-c1e4-439c-8978-0efdcdfea4d1,36,14,38.945945945945944,35,neutral,miscellaneous,3.945945945945944
22cdf77b-00c8-41c3-ad59-333c3e751e2c,30,14,38.03225806451613,35,neutral,fitness,3.032258064516128
230c4e4d-70c3-461d-b42c-ec09396efb3f,28,13,43.92857142857143,50,positive,healthy eating,6.071428571428569
235a0022-a683-4381-8e9e-aaf75fe90734,26,14,36.629629629629626,35,neutral,fitness,1.6296296296296262
2363df47-ee8b-433d-bbfc-34d5ac57e2aa,23,14,38.166666666666664,35,neutral,travel,3.1666666666666643
2387f014-e650-4df6-8daf-a9d863c10c7e,11,7,39.27272727272727,60,positive,food,20.727272727272727
23a1f257-2f17-4e67-aec1-626c77d73216,19,11,33.94736842105263,35,neutral,miscellaneous,1.05263157894737
24231380-c9a7-4b07-bd51-c9bd5c49cb7c,17,12,40.35294117647059,45,positive,miscellaneous,4.647058823529413
24f994fa-51d4-4e5e-bdac-79de67e7afbb,40,15,36.348837209302324,30,positive,food,6.348837209302324
25290b06-ca05-43eb-8e54-e345a41ddba7,28,13,52.58064516129032,65,positive,education,12.41935483870968
258bb775-3c35-4eec-90f3-8b75a52e466a,36,16,44.975,45,positive,education,0.02499999999999858
25934ec0-56f1-4fe1-9bf4-d46b1dbb42ad,41,15,41.53658536585366,45,positive,veganism,3.463414634146339
25948d39-4549-4ead-be71-6a571bd56fe1,18,11,45.111111111111114,45,positive,science,0.11111111111111427
259cd56f-b017-4a41-81a7-f26ce9b35092,15,7,44.333333333333336,45,positive,culture,0.6666666666666643
25c36533-1de5-4d82-879b-86180503cf8d,12,10,44.5,30,positive,travel,14.5
25c8f882-464d-4465-9ed2-e7f7706c1775,16,10,39.8125,45,positive,healthy eating,5.1875
2664a681-e732-422f-b529-02fabb6ec9ab,20,12,41.35,35,neutral,healthy eating,6.350000000000001
2669dbfc-65d4-4770-a916-e6507f881131,30,12,36.32258064516129,30,positive,science,6.322580645161288
2677e7fa-4c0e-44c5-9d4c-66615a42e86f,3,3,49.0,60,positive,dogs,11.0
26a2a058-3806-42ef-b1e4-24c6b64f9bdb,27,11,42.03703703703704,45,positive,healthy eating,2.962962962962962
26c02731-b5d8-4ad3-99a2-5e589e107937,18,11,44.8421052631579,60,positive,studying,15.157894736842103
26ea4466-0d88-482a-afab-e502beb4a316,33,15,29.114285714285714,15,negative,miscellaneous,14.114285714285714
27026304-2cb5-4d64-9959-9ff0328aaa03,15,9,32.333333333333336,30,positive,dogs,2.3333333333333357
273cb565-8c43-428e-bd2b-46ae0c2ae046,18,11,24.42105263157895,15,negative,animals,9.421052631578949
2771fa81-b26c-4e11-86ac-90e85faf4981,19,12,26.63157894736842,15,negative,dogs,11.631578947368421
279fdb2b-e9ca-4531-b55f-c8fe294083cd,6,5,45.333333333333336,45,positive,miscellaneous,0.3333333333333357
27e2cea3-b408-4e66-801b-29fdf7c03b05,30,15,41.70967741935484,50,positive,travel,8.29032258064516
27ec2b21-a749-4181-b182-150a174fc277,39,16,45.825,50,positive,animals,4.174999999999997
27fffa3e-000d-4f29-9358-5b0d2280d18c,20,11,37.5,35,neutral,miscellaneous,2.5
281054fd-2b89-4191-92ae-98e1bc0ed51b,20,11,36.6,20,neutral,fitness,16.6
286e2f5f-082a-4ce7-9396-db565106d5bf,1,1,0.0,0,negative,miscellaneous,0.0
2893a837-3157-4bbd-918f-adc93b60480a,6,6,35.0,20,neutral,miscellaneous,15.0
28b8c278-a125-4295-98dd-5f8d45c3200b,9,6,43.333333333333336,60,positive,tennis,16.666666666666664
28fbf4cf-c354-418c-8672-b7f2fee75b00,9,7,43.0,60,positive,culture,17.0
28fc1e6d-eae9-47de-af11-11ad726b2a88,14,10,39.642857142857146,50,positive,miscellaneous,10.357142857142854
292051b5-b835-4a60-962a-bddf10da82bd,39,14,50.275,60,positive,technology,9.725000000000001
2920dccb-e06f-49fc-8049-b6d4164dfe84,33,16,38.666666666666664,35,neutral,veganism,3.6666666666666643
295ff9f6-64f3-4704-9272-4a932f11d709,24,14,41.24,50,positive,travel,8.759999999999998
29d7781c-9302-4269-91f3-c23afb33467a,18,12,44.05555555555556,45,positive,public speaking,0.9444444444444429
2b6921de-e7f2-4e30-8feb-36bd41becaf0,18,10,34.1578947368421,20,neutral,travel,14.157894736842103
2b7f2d2b-2a0b-4d33-ada9-ee9629742dff,23,10,43.291666666666664,45,positive,healthy eating,1.7083333333333357
2c043e74-63e2-472b-a31a-6ea060febfc1,3,3,50.666666666666664,45,positive,miscellaneous,5.666666666666664
2c0e1f1e-1af8-45b6-b8f2-9714358dd2ad,15,11,38.266666666666666,30,positive,miscellaneous,8.266666666666666
2c511a63-5eb5-422f-8483-c9fcf9a29b55,17,10,51.0,65,positive,technology,14.0
2c5a6a94-7291-409b-ba32-ba34c5ad7c0e,35,15,41.0,45,positive,fitness,4.0
2c9b8ec2-7eb1-47fd-891d-a5b23c019839,35,14,37.138888888888886,30,positive,culture,7.138888888888886
2cbbdbf6-b34e-4fbb-bdc6-904e61f91ce7,34,13,32.73529411764706,20,neutral,animals,12.735294117647058
2ceee25a-8461-4409-ab41-7a72d97d722d,28,15,39.29032258064516,35,neutral,animals,4.29032258064516
2d0926be-9a29-4e6c-b342-815c70172214,14,10,37.285714285714285,20,neutral,animals,17.285714285714285
2d10f5b0-c590-429f-8b68-52c239617d26,42,16,38.06976744186046,30,positive,technology,8.069767441860463
2d7084fb-b457-4813-829f-73911025eeaa,36,15,44.05555555555556,35,neutral,cooking,9.055555555555557
2d949603-6676-4402-900b-2c2c78315ea0,4,5,29.0,20,neutral,miscellaneous,9.0
2dcf2359-f366-46a4-8ac0-14229d056bb3,3,3,41.666666666666664,35,neutral,studying,6.666666666666664
2e32de07-dc79-4cdc-bf1d-bac90ba3fd85,9,8,47.77777777777778,60,positive,miscellaneous,12.222222222222221
2e84726a-e69f-44e8-ac0f-c4a31516e342,10,9,37.1,20,neutral,dogs,17.1
2e866dc0-7c14-4e2a-9edb-9ccc1d1bd048,17,10,40.411764705882355,35,neutral,culture,5.411764705882355
2ea5611f-f6e0-4696-9153-cda8d2b9a2a3,17,9,54.705882352941174,60,positive,technology,5.294117647058826
2eb32cf2-da20-4b27-b4b6-c91716f528a5,35,14,43.47222222222222,50,positive,veganism,6.527777777777779
2eb7feec-26a4-4949-8470-3e66c16536e9,16,11,32.125,20,neutral,tennis,12.125
2f246c65-25f0-4144-b3f1-a180865b1766,10,8,36.0,15,negative,technology,21.0
2f5dd79a-8884-4086-ab6f-00b3bea9d366,32,14,35.75,30,positive,cooking,5.75
301cfd14-3e4f-4058-b253-c591ef150888,10,6,38.5,30,positive,veganism,8.5
3091e63e-1355-4eb6-9fa7-5c6e75f1d3b8,20,12,32.6,20,neutral,culture,12.600000000000001
30c8a141-2c2e-4272-8854-ff5673509652,16,10,32.375,30,positive,culture,2.375
31cbcaf1-75f9-4541-abd6-15723478047b,2,2,21.0,12,negative,dogs,9.0
31d142d9-4557-4613-bce5-cfe63cd0a3cf,41,16,48.02439024390244,60,positive,soccer,11.975609756097562
31f3802a-fe3d-441c-8732-102bd39f6db5,4,4,40.0,15,negative,science,25.0
3210c7c6-e7a2-4ae3-b69b-a111b359c56d,7,6,51.0,60,positive,miscellaneous,9.0
323c35ed-081f-4efd-8bd6-ce5208ceb0ed,26,15,43.333333333333336,50,positive,animals,6.666666666666664
327dd631-2d6b-4acb-b0a7-804cda5009b2,5,4,50.4,70,positive,cooking,19.6
331fad49-0e33-4676-8e2d-51ec52e86625,11,9,35.81818181818182,30,positive,education,5.81818181818182
33696f53-ab7b-4f3e-b3a4-e0e82990339c,7,5,47.142857142857146,50,positive,fitness,2.857142857142854
34123572-64b7-4f3d-b098-a2651d882fb2,22,11,49.43478260869565,50,positive,dogs,0.5652173913043512
343362dd-20e1-4b98-ad23-e3d8d497f98e,13,8,27.928571428571427,15,negative,travel,12.928571428571427
34a3747a-0b77-42f6-ae19-87c38b94b674,41,14,39.976190476190474,35,neutral,science,4.9761904761904745
34cb120b-853b-4788-8978-a3544449136b,14,10,47.42857142857143,60,positive,food,12.57142857142857
34cd13f5-5fa9-45fe-ad8e-0135b67b558d,9,6,43.22222222222222,45,positive,tennis,1.7777777777777786
34f73132-fff6-4f01-a5ec-4b4b66461fc7,37,15,39.15384615384615,45,positive,fitness,5.846153846153847
350e0d40-e036-459c-9cbe-73e003c33cfa,36,13,36.38461538461539,35,neutral,miscellaneous,1.3846153846153868
3529c44b-d0f4-4bd2-b6eb-be97d2f7623f,30,14,40.625,45,positive,studying,4.375
35489ad9-c3b5-4fcd-a6c0-9f2c667c55a8,23,13,34.47826086956522,35,neutral,miscellaneous,0.5217391304347814
356fff80-da4d-4785-9f43-bc1261031dc6,7,6,34.57142857142857,20,neutral,technology,14.57142857142857
359b93ea-446f-4202-8801-db238de5de4d,39,15,41.43589743589744,45,positive,food,3.564102564102562
360df5a1-8118-4972-a5d0-27033dba1f1c,11,8,40.18181818181818,35,neutral,fitness,5.18181818181818
362bdbf7-5b75-4ae5-8f37-79ef06b6e8e8,10,7,57.0,60,positive,technology,3.0
36bd1711-92f6-4240-8ac5-21df845abe86,30,14,43.45161290322581,45,positive,technology,1.5483870967741922
36d36f19-7a10-4d7d-a3ab-a3f2cbbfcf4a,43,16,33.72727272727273,20,neutral,food,13.727272727272727
3724de8a-ec2f-4021-a3f1-605d551da9d0,38,15,42.53846153846154,45,positive,miscellaneous,2.46153846153846
37331f8d-4fc5-42f6-a367-e59ccde67c45,14,10,40.642857142857146,35,neutral,soccer,5.642857142857146
37c5a8aa-d239-4b94-ae68-2754825d36ff,27,15,42.44827586206897,50,positive,miscellaneous,7.551724137931032
37ff78d3-d31c-4bde-95c6-83390749a367,5,5,45.0,50,positive,fitness,5.0
388bd9db-9d10-4f47-87c4-6db46e83bc95,17,11,46.22222222222222,50,positive,education,3.7777777777777786
3896723f-560c-4008-9635-e3ecf1e2b37c,5,5,44.8,50,positive,miscellaneous,5.200000000000003
38a50d44-5a3d-41c1-bf46-58638def9442,8,6,35.875,30,positive,miscellaneous,5.875
391a9aa4-c04a-431e-8366-712d92267c2b,38,14,43.17948717948718,45,positive,public speaking,1.8205128205128176
3926740f-e4f7-4229-9aad-e435149d0d2f,12,8,55.75,65,positive,science,9.25
3a106d1f-3942-49d4-9358-417f33d760c6,23,10,44.21739130434783,35,neutral,miscellaneous,9.217391304347828
3a7b85dd-717e-4460-8144-498fdbc9380c,34,14,31.18918918918919,30,positive,education,1.1891891891891895
3a7f83a0-b9f9-44c1-a15d-656c4095e732,4,4,35.0,5,negative,soccer,30.0
3ac5929e-9d68-4ec5-ba6f-a018d3d4da41,2,2,67.5,65,positive,tennis,2.5
3af75639-bdaf-4461-b630-d212e7fb4f30,32,15,37.6764705882353,35,neutral,education,2.676470588235297
3b436c19-72fe-429a-80dd-88d24ef549d1,10,8,36.4,35,neutral,soccer,1.3999999999999986
3b448410-dd36-4e79-bf4a-ba07814b308e,3,3,31.666666666666668,15,negative,miscellaneous,16.666666666666668
3c092e34-bac9-4e63-a7fa-0608fb73914f,11,7,40.0,30,positive,soccer,10.0
3c510b35-43e2-4e84-a805-86c5ebddc4cf,17,11,40.411764705882355,45,positive,studying,4.588235294117645
3c6354b3-7e8a-4d8c-bb80-33f17c17bd32,39,14,40.76923076923077,45,positive,miscellaneous,4.2307692307692335
3ca5a22f-aebc-4421-a960-d787d732f1ec,26,13,35.55555555555556,30,positive,healthy eating,5.555555555555557
3ce1063a-2277-4285-97b0-9bd53a941cd7,19,9,41.45,45,positive,travel,3.549999999999997
3cec7ac2-f9b6-4e4c-b392-63c59c3621f2,33,13,43.02857142857143,50,positive,healthy eating,6.971428571428568
3d02ae44-c8f2-4d2d-a64c-9355a4f46430,8,7,47.75,50,positive,miscellaneous,2.25
3d8fffab-6107-4d7b-9485-c610e233c91c,25,11,42.851851851851855,45,positive,studying,2.1481481481481453
3dc03a86-f481-42fa-bf43-a7bcf3b6572e,20,13,39.35,35,neutral,miscellaneous,4.350000000000001
3dfdcf9c-aaa4-41ea-9a7c-b3ba09103467,7,7,52.42857142857143,65,positive,fitness,12.57142857142857
3e64dfe3-e832-4352-a170-9806f64ac507,22,13,29.043478260869566,15,negative,healthy eating,14.043478260869566
3ea56656-03ef-4199-b253-b5241ee21eb7,7,7,40.285714285714285,50,positive,veganism,9.714285714285715
3f6b1a9d-db78-4d9a-a495-9de7bd9bbe5b,43,15,38.627906976744185,35,neutral,tennis,3.6279069767441854
3f8590c7-6ab2-4973-805a-90cdec355f05,38,16,36.2,30,positive,dogs,6.200000000000003
3fc1f583-ce7e-4cfe-b891-d16976953fda,35,15,36.57142857142857,30,positive,science,6.571428571428569
3fe1e6e6-6d1d-43f5-9c25-7d0a1c14744d,7,5,37.42857142857143,15,negative,soccer,22.42857142857143
40727608-362e-4e10-970f-2b5a5f8c37c1,22,12,40.82608695652174,35,neutral,science,5.826086956521742
409aa11d-5af3-4a70-9da1-482857f5835e,30,14,39.34375,35,neutral,miscellaneous,4.34375
410c757b-918f-4c71-892b-2e6e7697bd86,12,8,36.333333333333336,20,neutral,miscellaneous,16.333333333333336
413101f7-ea05-4df6-97cf-9891245c5ed7,11,9,39.90909090909091,30,positive,science,9.909090909090907
41bc0418-db4b-48b4-ada6-18eda999cd25,21,13,39.36363636363637,35,neutral,travel,4.363636363636367
41c97dd6-3f0d-4a6c-9083-2163e8e08e19,30,15,35.63333333333333,30,positive,miscellaneous,5.633333333333333
41e6d775-b5ca-4d6c-8f50-66ac3c92a300,20,13,37.80952380952381,35,neutral,veganism,2.80952380952381
429632b9-88c0-4163-a7ed-4272a04f7838,26,14,40.48148148148148,35,neutral,miscellaneous,5.481481481481481
42a0f482-d3a8-4216-ba0b-1459abf854a6,23,14,44.125,50,positive,culture,5.875
42afb980-6f27-40d3-962e-bff8eada090f,23,12,49.0,60,positive,culture,11.0
42d062ec-2107-4fbe-9a77-2e00c67a7d63,2,2,47.5,45,positive,culture,2.5
4304a382-1527-4e7d-af7b-691d976f9ad4,30,15,32.0,20,neutral,tennis,12.0
431c5aac-aa89-41e0-99e0-92d237ca9408,12,9,24.75,15,negative,technology,9.75
433607b3-eeb4-48b8-9263-9805c1b89d55,24,14,42.291666666666664,45,positive,education,2.7083333333333357
43450a12-1e4c-4a17-a846-9d8768984051,20,10,33.285714285714285,35,neutral,animals,1.7142857142857153
435007a5-6261-4d8b-b0a4-55fdc189754b,37,16,41.45,45,positive,veganism,3.549999999999997
436536b2-6d05-4e20-af6e-cade48b4bcf9,14,10,41.92857142857143,35,neutral,cooking,6.928571428571431
437fab54-2c89-4b0b-8d89-dd2320d83e81,7,7,37.714285714285715,35,neutral,tennis,2.7142857142857153
43830153-4c89-4502-a7f7-bedbc08cf903,6,6,32.833333333333336,15,negative,fitness,17.833333333333336
43da458b-66fe-4723-996c-57dcfad67edf,40,15,39.44186046511628,35,neutral,food,4.441860465116278
43e53b12-71cb-4aad-9cb7-8c3572053230,34,14,38.833333333333336,35,neutral,fitness,3.8333333333333357
43ea5509-7ff1-4150-b263-d5eac9d6f69f,18,11,48.5,60,positive,dogs,11.5
4426d1ae-cb98-45cf-8d1d-c176ef755293,34,14,40.205882352941174,45,positive,miscellaneous,4.794117647058826
445a06c1-3dea-4129-90eb-2384c0534eb6,38,15,33.875,30,positive,technology,3.875
4478d98e-43e8-4dc0-884d-c1115aa8b970,12,8,38.083333333333336,30,positive,animals,8.083333333333336
447954af-c2c0-4546-881c-3ba1cb104209,27,14,39.172413793103445,45,positive,tennis,5.827586206896555
44eab5ca-b4a4-46c4-977d-197a78551861,19,10,47.89473684210526,60,positive,technology,12.10526315789474
451b228b-9d66-45a4-b6fa-46c502562b5f,41,16,38.40909090909091,35,neutral,healthy eating,3.4090909090909065
45630f5a-78c1-46a1-bdc7-79cd11bb3c13,9,8,37.888888888888886,45,positive,miscellaneous,7.111111111111114
457301ee-3e87-40d8-8b82-ea4e1fa90e39,41,16,40.651162790697676,45,positive,healthy eating,4.348837209302324
45752c15-a54c-4b0d-8fe3-f39c40f6c8d9,30,14,35.53333333333333,35,neutral,miscellaneous,0.5333333333333314
457d54ed-e0bf-4574-80e3-561c1bbc4d3e,17,11,28.27777777777778,20,neutral,science,8.277777777777779
45d2d284-1830-45a3-8c9d-95f8bdec3202,9,7,31.11111111111111,30,positive,studying,1.1111111111111107
45dbce0a-dbd8-4c4d-a492-4f5b84850d5c,25,14,40.04,35,neutral,miscellaneous,5.039999999999999
461cb0ce-0b43-4f13-a8bd-847fc6428c6c,34,15,33.30555555555556,20,neutral,fitness,13.305555555555557
46219a74-c2db-4479-a96a-d3ee54d1ea7f,16,13,43.294117647058826,45,positive,miscellaneous,1.705882352941174
46bd9a52-6547-457f-87fa-0e434e5bc61c,39,15,38.625,35,neutral,fitness,3.625
46c69019-89b5-4a13-9b8a-2942ca22837f,31,15,35.25806451612903,20,neutral,science,15.258064516129032
46ebc5f2-bfe8-4ada-aed3-6265842bd1f3,17,8,36.388888888888886,45,positive,food,8.611111111111114
475541da-3402-4d0e-9df5-0da198f8fc9c,30,16,38.096774193548384,35,neutral,culture,3.0967741935483843
476e3ce0-3291-4c77-b3a3-deabee114efc,27,14,39.51851851851852,35,neutral,miscellaneous,4.518518518518519
4789b064-7b3c-4339-bf15-b9e38222930c,14,11,35.42857142857143,20,neutral,education,15.42857142857143
4898f7e1-1431-4e9c-a444-dbea02d58f85,7,6,44.285714285714285,50,positive,food,5.714285714285715
48a824bf-e495-4333-8acf-c800947ec2cd,28,14,42.535714285714285,45,positive,miscellaneous,2.4642857142857153
48fd48c7-bc82-414e-8941-aa2090183aec,2,2,2.5,0,negative,dogs,2.5
49367a0f-1fd5-4417-a7c9-4a154e1ae0ad,18,12,38.666666666666664,35,neutral,technology,3.6666666666666643
496645a7-64f7-4c56-94f5-a71671cb262e,43,16,39.81818181818182,35,neutral,dogs,4.81818181818182
497da46d-d5d5-45b0-827a-f2b75d7bf4c2,24,11,34.083333333333336,30,positive,culture,4.083333333333336
4ad4b955-c65a-467d-aa27-1ca804d05170,4,3,33.0,0,negative,culture,33.0
4ae90f6e-da63-4ce2-a357-a4b36c739b80,20,11,32.523809523809526,15,negative,travel,17.523809523809526
4b00c81e-66dd-45bd-9fb5-a9d2b37b62bf,21,12,41.59090909090909,50,positive,miscellaneous,8.409090909090907
4b10b6a2-d8ad-4f48-835a-e0ec47e7e72c,30,13,35.53125,30,positive,education,5.53125
4b1c315b-84a8-400a-bb49-9fec7dc767d5,26,12,33.592592592592595,30,positive,fitness,3.5925925925925952
4b2d0fff-3b4f-43ca-a7df-c430479cb9ba,42,14,43.11363636363637,50,positive,soccer,6.886363636363633
4b582733-141e-488f-8d02-3c4b149815a5,8,6,44.375,50,positive,fitness,5.625
4b6d1c04-e75d-4e96-b5f7-f49c4af8d89b,24,13,32.291666666666664,15,negative,veganism,17.291666666666664
4bdd31e0-2f59-4262-bcbe-546678a3d203,36,16,42.44444444444444,45,positive,healthy eating,2.555555555555557
4bfc9824-aaeb-4695-8195-945686795b30,41,15,45.22727272727273,50,positive,public speaking,4.772727272727273
4c009116-c94a-4633-83fb-956565358565,41,16,37.95238095238095,30,positive,soccer,7.952380952380949
4c1ae4ba-078a-4720-aff0-817c7d549387,25,11,27.12,15,negative,cooking,12.120000000000001
4c598198-bd8b-4b86-8440-b8ecba62abe7,43,15,35.04651162790697,35,neutral,technology,0.046511627906973274
4ce7258e-3777-42b4-af6a-dd8898c42cfd,7,5,37.142857142857146,50,positive,travel,12.857142857142854
4d510edc-7c08-4524-a14d-f36f3b710020,11,8,30.545454545454547,20,neutral,fitness,10.545454545454547
4dca44b9-e65c-4d9d-93eb-6a24ec8950e9,32,14,48.94444444444444,60,positive,animals,11.055555555555557
4dd4da35-453e-466d-95ca-b1a7710fac1f,41,15,45.36363636363637,60,positive,miscellaneous,14.636363636363633
4df372b3-ed9d-41ef-b33d-b576ec383dfc,30,15,44.29032258064516,50,positive,dogs,5.70967741935484
4e4c9690-c013-4ee7-9e66-943d8cbd27b7,35,13,43.361111111111114,50,positive,culture,6.638888888888886
4e659bd8-44b6-41a3-893c-c528474a29c9,23,13,41.12,35,neutral,education,6.119999999999997
4e7535a7-4547-4da5-952e-607442ebed79,28,13,46.43333333333333,50,positive,dogs,3.56666666666667
4f215b36-f5c4-4294-81f2-80e4906b197d,39,14,35.675,35,neutral,soccer,0.6749999999999972
4fa14453-7b29-4302-b51f-9aa23b472c1b,20,13,34.95652173913044,30,positive,animals,4.956521739130437
4fd0ef9a-008d-4b61-9a78-4b0257281140,23,13,45.666666666666664,60,positive,technology,14.333333333333336
501b2f88-999b-4ad9-b2f5-4b9c36a31259,36,14,37.891891891891895,35,neutral,miscellaneous,2.8918918918918948
503bd384-9733-4739-81f5-561b2328f6d8,37,13,46.67567567567568,60,positive,food,13.324324324324323
509a5fb0-9bb2-4809-9f90-18ae007acc94,26,16,38.44444444444444,35,neutral,dogs,3.444444444444443
50c0f441-fde5-48bd-ba40-46f23b8cf862,5,3,61.0,65,positive,culture,4.0
50c9237a-541c-4f10-a2be-7cbe076b2012,36,15,34.2972972972973,35,neutral,travel,0.7027027027027017
5118e9c5-1377-4cc5-a486-65b35b7b7b76,20,13,46.8,50,positive,miscellaneous,3.200000000000003
51577f6a-e29e-4ed2-93eb-e7bd4eda800a,25,13,41.76,45,positive,dogs,3.240000000000002
5163acf9-9bde-4f09-81e2-d8711e774360,10,8,58.0,60,positive,healthy eating,2.0
51a26a10-6973-4882-aa88-98b53978ce01,43,15,35.86046511627907,35,neutral,veganism,0.8604651162790731
51a9bf9c-2c90-487b-ad37-9db7f18c36e7,18,11,36.27777777777778,35,neutral,travel,1.2777777777777786
520450a4-c852-4a4e-9383-30657dd07533,19,12,44.63157894736842,50,positive,public speaking,5.368421052631582
52995b7c-6f2d-469c-a331-596323e6ad67,6,5,56.714285714285715,60,positive,science,3.2857142857142847
52be2c2f-be1f-4cda-a2d6-5c147c018115,22,13,41.0,45,positive,food,4.0
5403a041-447d-42c1-a9f2-3c525449b3b8,30,12,41.6,45,positive,public speaking,3.3999999999999986
5444a751-c58b-456a-9fc9-1e4f292f2920,32,15,44.484848484848484,50,positive,cooking,5.515151515151516
54acd843-1e09-4b30-a80a-b9e0295ff269,35,15,33.75,20,neutral,tennis,13.75
54e29395-9eba-4945-abee-cad58cbab090,31,15,45.121212121212125,50,positive,miscellaneous,4.878787878787875
55d5d3f9-566c-4fcc-b24e-02ca826cce58,29,14,39.51724137931034,35,neutral,science,4.517241379310342
55f46794-426f-441b-bb60-53b5e6beebc5,23,15,39.82608695652174,35,neutral,food,4.826086956521742
5651450a-d330-46e6-bac9-c7c7e7defaf2,36,16,42.19444444444444,45,positive,miscellaneous,2.805555555555557
5656bfe4-bcc1-4426-94b6-1f9dfe9a0db4,2,2,57.5,45,positive,travel,12.5
567ddaca-f9aa-4e53-b9b7-b745a1ac0c95,7,6,34.285714285714285,20,neutral,culture,14.285714285714285
56a3156c-41e0-4b35-8e6d-947961b3af5b,18,10,46.388888888888886,50,positive,fitness,3.6111111111111143
56b0b1ab-a07c-4379-b699-80ccc8689c85,40,15,40.595238095238095,45,positive,miscellaneous,4.404761904761905
56d13215-1444-49b0-8e17-3a888bcd4e1e,21,12,28.142857142857142,20,neutral,fitness,8.142857142857142
56df8914-9d42-434d-9612-6bb518dd641e,25,14,40.16,50,positive,fitness,9.840000000000003
57528f91-7b0d-4120-acaf-82ee87f6df7d,27,14,36.74074074074074,30,positive,education,6.7407407407407405
57a8bb62-a264-42d4-a1b0-6e4c0f859a5e,25,14,40.80769230769231,45,positive,cooking,4.192307692307693
57d8470d-e644-4fe3-b56e-33f1c626e8ea,7,7,38.57142857142857,35,neutral,cooking,3.5714285714285694
58059956-4cde-4671-9baf-904851731540,11,8,37.63636363636363,30,positive,education,7.636363636363633
581634a6-14c7-4c0a-8c7f-34238e58cf6a,34,14,38.371428571428574,35,neutral,veganism,3.3714285714285737
584211e8-3ca9-41a7-aeea-1d308bda53fd,36,15,38.55555555555556,35,neutral,studying,3.555555555555557
585c17a5-df96-4a6d-b144-a499e0469546,32,16,42.542857142857144,50,positive,healthy eating,7.4571428571428555
58b0f92a-76ae-4521-a223-2b117f4f4e70,16,11,46.3125,60,positive,dogs,13.6875
58e8f463-aee3-46bb-81bb-a49ed8de8b04,9,8,44.0,50,positive,technology,6.0
590873fc-e921-4396-a173-a43451675afc,28,14,32.392857142857146,20,neutral,studying,12.392857142857146
5911afa4-2af5-4e7e-b6e3-e3b985597aa9,21,10,44.57142857142857,35,neutral,dogs,9.57142857142857
595037a5-5e9a-42f6-8f50-a55827dc41ac,10,9,41.9,45,positive,animals,3.1000000000000014
59523d44-6113-46a5-a85b-38de2ce7bfa1,12,8,28.75,15,negative,travel,13.75
596a3ffe-1e2a-4999-bf8d-c8f4a8974343,35,14,39.47222222222222,30,positive,animals,9.472222222222221
59bb59ce-776b-4d28-85ee-c0d71c690b6a,37,15,37.92307692307692,30,positive,animals,7.92307692307692
59f7eb93-7ffc-4627-98a6-9ecaa5e35206,9,7,54.333333333333336,65,positive,cooking,10.666666666666664
5a0b2edf-78dc-4c4f-ada9-464523b52f12,9,7,33.888888888888886,30,positive,miscellaneous,3.8888888888888857
5a5bf39d-1bfd-43f9-b304-ea8fbaaa3528,25,14,35.77777777777778,20,neutral,studying,15.777777777777779
5ac2552c-15a5-41ed-8d67-9c57bce74ebc,31,15,39.34375,35,neutral,travel,4.34375
5b379d75-649b-426f-b420-4e0b6e4a0e3d,36,14,35.44736842105263,30,positive,soccer,5.44736842105263
5b71c62f-2c89-4d19-991f-65fedd0b52fd,36,14,31.38888888888889,30,positive,education,1.3888888888888893
5bb364a6-8646-4cdb-b1cf-09f4125718d8,41,14,39.25,45,positive,soccer,5.75
5bf45fd3-6b4b-400c-a126-31b8576e1d70,14,10,35.142857142857146,30,positive,tennis,5.142857142857146
5c38166c-8305-4227-ad54-bad36df2a57a,26,12,52.48148148148148,65,positive,miscellaneous,12.518518518518519
5c7fa152-9628-471d-b715-84e15c4b5d38,15,10,34.333333333333336,35,neutral,tennis,0.6666666666666643
5d3d5107-2404-4fb8-a9b6-3c8428492f64,31,16,34.63636363636363,30,positive,studying,4.636363636363633
5d8dbd6f-cc78-4f7a-a65c-cd9dde481dd0,28,12,42.035714285714285,45,positive,healthy eating,2.9642857142857153
5dc325aa-d5d1-4552-9997-cd25b7608be9,33,13,38.21212121212121,35,neutral,healthy eating,3.212121212121211
5e813176-850f-4791-a750-4961429c2458,8,7,43.0,35,neutral,soccer,8.0
5ecad91d-3e8f-4a9e-9473-c3db5f2ab72f,28,14,45.266666666666666,45,positive,public speaking,0.2666666666666657
5ecd7f9d-4184-4836-b1c5-f03e131ba0a7,33,16,37.35294117647059,30,positive,science,7.352941176470587
5efb3710-c34d-4dc4-84dd-31cd8c5d9c30,16,12,39.75,35,neutral,animals,4.75
5f87a730-589d-48fb-ab94-e69274d7b89e,12,9,35.75,30,positive,food,5.75
5fbbdd47-e1ca-4cd4-bb24-dd0eb03f99b0,31,16,39.39393939393939,35,neutral,culture,4.393939393939391
5fefd228-c550-4023-b767-ec8aa62de850,36,15,38.111111111111114,35,neutral,cooking,3.1111111111111143
60223ac7-2fa4-4bba-8156-1d90b367e21a,2,2,42.5,15,negative,miscellaneous,27.5
6054518c-4c28-4d65-8ebe-3b4f56108f29,22,11,33.18181818181818,20,neutral,healthy eating,13.18181818181818
6082eb46-c239-40f5-bfcd-fb72b823ee71,2,2,43.5,12,negative,miscellaneous,31.5
60872f35-3eb4-4742-b3b0-48f15f11be66,17,10,43.666666666666664,45,positive,travel,1.3333333333333357
60ca0278-5ed6-4669-939b-e6dc2021c07d,26,14,37.18518518518518,35,neutral,technology,2.1851851851851833
6199f5ca-cc02-410d-a408-e034946de162,21,13,32.333333333333336,30,positive,animals,2.3333333333333357
61b45c79-c23b-4bbd-a4fe-0bb3611486c7,38,15,41.13157894736842,35,neutral,tennis,6.131578947368418
61e6650c-5068-4575-9aee-4217ef3dbdb1,28,14,44.206896551724135,50,positive,miscellaneous,5.793103448275865
62681a6c-fe82-4186-ba7d-0805ae5b95ed,10,7,57.9,70,positive,miscellaneous,12.100000000000001
62e3c102-b551-4625-b949-d589babb16d8,26,13,40.851851851851855,45,positive,soccer,4.148148148148145
632875ea-56de-4160-a76c-d1b3ae9e566f,31,14,36.87096774193548,30,positive,public speaking,6.87096774193548
634a05ab-0751-45fa-a1b4-b4a9b8342f61,13,9,30.923076923076923,35,neutral,travel,4.076923076923077
636e6499-b670-4cd4-a829-2c4c9e07db2a,9,9,38.0,45,positive,soccer,7.0
637f80dd-2d70-4658-ba5f-8d909b050781,2,1,30.0,30,positive,studying,0.0
6380e982-07ac-4d21-bd23-cec0bcfa1ff9,15,10,36.46666666666667,20,neutral,miscellaneous,16.46666666666667
6407f238-511b-4ade-b77b-0f3bc8b2f300,11,9,43.81818181818182,60,positive,miscellaneous,16.18181818181818
64b9d086-2fd4-46d0-a19d-848572029de1,22,9,47.608695652173914,60,positive,healthy eating,12.391304347826086
6519b8ec-1253-4f91-8abb-3c5a04eccd2b,33,13,34.36363636363637,30,positive,animals,4.363636363636367
65304022-f925-48f0-9dfc-436578f22c77,35,15,47.22222222222222,60,positive,soccer,12.777777777777779
6547f69d-891d-4e1c-bd69-fc8735b8fca8,35,14,43.166666666666664,45,positive,science,1.8333333333333357
65545cfb-59bb-4dc1-a38b-82f268210da2,35,15,37.54054054054054,35,neutral,technology,2.5405405405405403
66af1757-534a-4ef9-a5a5-9d721e7c6c00,21,12,37.80952380952381,35,neutral,healthy eating,2.80952380952381
674507f9-c555-4876-89c7-c06b6db561c0,26,13,40.32142857142857,45,positive,animals,4.678571428571431
67766c84-7d8d-46e2-b2e8-8b0f8dc27193,43,15,42.15909090909091,45,positive,veganism,2.8409090909090935
678dd299-afc6-4e35-890d-38a016cfdeff,4,3,42.25,20,neutral,public speaking,22.25
6796d3e9-ee98-47cb-b057-90cfaf6ebcbb,28,13,35.57142857142857,35,neutral,technology,0.5714285714285694
67f2a150-6086-4cbd-8d21-46250ccef5a2,42,14,30.162790697674417,30,positive,cooking,0.16279069767441712
6912f8e6-86b7-44f6-8aa8-c21c2ed0b53c,39,16,41.1219512195122,45,positive,food,3.878048780487802
693b5f91-52b1-4464-916c-91adccbec996,35,16,45.833333333333336,50,positive,miscellaneous,4.166666666666664
697af362-e84b-4429-b4ea-4123c6ab44ba,42,15,46.38636363636363,50,positive,science,3.613636363636367
69ce055c-e0bd-46c5-b856-bf2254d1c490,37,15,38.46153846153846,30,positive,healthy eating,8.46153846153846
6a30164f-28c3-4d10-b928-66585a85cbb5,9,7,31.555555555555557,20,neutral,soccer,11.555555555555557
6a39e0b5-b1cd-4edd-bdfb-310e1a3e5910,38,16,40.25,35,neutral,soccer,5.25
6aa06c00-d796-43c3-816d-70f21fe58f80,35,14,43.270270270270274,50,positive,miscellaneous,6.729729729729726
6b09861c-712e-46e6-a2a5-72e4b3878767,22,13,44.68181818181818,45,positive,studying,0.3181818181818201
6b2db46f-f733-4b56-af09-0ed7bb232ed4,40,16,37.214285714285715,30,positive,animals,7.214285714285715
6be333ca-7797-41a5-9a2d-e198037d30ed,10,4,47.6,65,positive,food,17.4
6c8d057d-756a-41dd-afef-bf73adffbdf4,38,15,44.5,50,positive,food,5.5
6cbac852-fec6-49e2-95db-d62edeb477d0,34,15,38.72222222222222,35,neutral,healthy eating,3.7222222222222214
6ccf94b4-f549-4d17-a1d0-3bf7656bce81,23,12,30.956521739130434,20,neutral,animals,10.956521739130434
6d6cf6a3-4187-44ec-af28-91c99b584bcf,16,9,35.0,35,neutral,veganism,0.0
6dbd153c-5b69-4ffb-a869-6285fb0c764d,25,13,43.18518518518518,50,positive,technology,6.814814814814817
6dbfb67c-e619-414b-b016-d24da6cbc294,3,3,37.5,20,neutral,public speaking,17.5
6ddba21a-cc51-4bbd-b38d-02df5cec5f68,36,16,39.189189189189186,45,positive,miscellaneous,5.810810810810814
6e418568-a2b9-4d08-b241-06362c96a7f1,21,12,31.714285714285715,20,neutral,food,11.714285714285715
6e71ed3d-3fba-4bd1-8de7-2798dec6431e,19,11,42.05263157894737,45,positive,studying,2.94736842105263
6ee96d2e-a110-4e43-ab89-b5577b7b3dab,28,13,37.48275862068966,30,positive,culture,7.482758620689658
6ef45d36-cd14-428c-b5cf-ad2f06371c6e,4,3,52.5,60,positive,cooking,7.5
6f48fe2b-7c20-4065-8ae9-7bea61275dc7,11,10,32.63636363636363,20,neutral,miscellaneous,12.636363636363633
6fc7f722-0a93-4420-8376-09d6536ecef8,29,14,44.45161290322581,60,positive,fitness,15.548387096774192
6fd589e8-53ab-4345-896a-f428a92fcbe6,19,12,33.904761904761905,30,positive,education,3.904761904761905
70047f87-af62-4674-bf30-a03c9ee9db09,29,14,43.37931034482759,45,positive,food,1.6206896551724128
7053e0be-7227-4a05-893f-4bbee34f0f1f,6,5,40.166666666666664,15,negative,science,25.166666666666664
70a9e79f-ca7b-48e1-b521-c1d16cb2e36d,39,16,38.925,35,neutral,education,3.924999999999997
70b0202f-cd58-42fe-acd9-7b2f8cf9e7c6,31,14,40.42424242424242,45,positive,cooking,4.575757575757578
71246f1e-0b64-4922-a6ae-c86c446837be,16,11,34.35294117647059,20,neutral,healthy eating,14.352941176470587
72167d71-578d-428f-af6d-5a8a92e677af,30,15,40.516129032258064,35,neutral,animals,5.516129032258064
724b9f31-8bdc-4152-b93f-4d3e457201ef,16,10,37.55555555555556,30,positive,animals,7.555555555555557
72822fb8-8a40-4cf1-a86a-42140b3bf9f3,26,12,36.30769230769231,30,positive,travel,6.307692307692307
7286f9d2-7c83-4c7b-bc01-6f56eb0235de,38,14,45.421052631578945,50,positive,travel,4.578947368421055
72878c11-38cc-4442-bc81-7eeef47c531c,20,12,38.7,30,positive,miscellaneous,8.700000000000003
732e236f-f063-42b6-b5c1-24938385a126,9,8,46.22222222222222,60,positive,miscellaneous,13.777777777777779
734c0b94-6729-44ef-af97-90a3a51a466c,24,12,42.541666666666664,35,neutral,travel,7.541666666666664
73a7ec8f-08e7-41c6-a995-51537ff8772a,21,12,47.523809523809526,60,positive,technology,12.476190476190474
73ef953a-5bda-4532-bcd5-85a2cb61b803,31,16,41.12903225806452,45,positive,miscellaneous,3.8709677419354804
73fde78d-7908-4406-8377-747873ecd29a,35,15,39.142857142857146,35,neutral,miscellaneous,4.142857142857146
74622897-59cb-4cf4-8ffe-3a25aeebc234,3,4,36.25,30,positive,fitness,6.25
74718bbf-e5a3-442f-8ca2-4a3428757fc1,30,15,39.38709677419355,50,positive,dogs,10.612903225806448
748ab616-8066-4c61-b6af-d7442545d12a,21,15,41.04545454545455,45,positive,veganism,3.9545454545454533
74989207-b147-4a13-89b8-f0d868dfdf4a,41,15,40.095238095238095,35,neutral,science,5.095238095238095
74c85e37-5017-462e-bee2-2769db7a17c1,23,12,54.30434782608695,60,positive,healthy eating,5.695652173913047
754eb96d-65d0-416b-aec4-4ba35836157d,13,9,46.07692307692308,45,positive,tennis,1.0769230769230802
75747dd7-8dad-4f2f-9209-62765223f3af,27,13,37.55555555555556,30,positive,fitness,7.555555555555557
75d6b589-7fae-4a6d-b0d0-752845150e56,11,6,36.27272727272727,45,positive,technology,8.727272727272727
760e026f-8373-4aa4-acb5-03eb102fc733,17,10,42.294117647058826,30,positive,food,12.294117647058826
763560f8-e3c4-4dec-a40c-411c22d05c7b,9,6,41.333333333333336,30,positive,food,11.333333333333336
76898916-4024-4c32-909b-dd240879d76a,25,13,42.81481481481482,45,positive,miscellaneous,2.1851851851851833
77099957-1551-435e-b386-704d8b91a46e,21,13,32.45454545454545,15,negative,cooking,17.454545454545453
77a3ac9f-7607-411f-a280-5431c71e3943,32,16,30.545454545454547,20,neutral,tennis,10.545454545454547
77b49477-2f3c-455a-b8f1-09ec2e553174,25,14,36.629629629629626,30,positive,cooking,6.629629629629626
77f0131d-a06e-40d6-8f6d-a64c0491d1b5,17,9,36.64705882352941,35,neutral,healthy eating,1.647058823529413
781383dc-f5ff-4d62-87df-c3557f5eced9,10,8,35.9,20,neutral,technology,15.899999999999999
78461336-26e2-4d0c-ab9a-fefbe419a8dd,14,9,31.928571428571427,30,positive,miscellaneous,1.928571428571427
78713905-362f-4a87-9671-adab5f1e0e67,15,10,42.266666666666666,50,positive,dogs,7.733333333333334
78c7c5a7-5de4-469e-8460-49e8e491bde6,30,14,43.15625,45,positive,miscellaneous,1.84375
78d0075f-895c-4a15-a35c-a921e2bb2cea,43,15,39.46511627906977,45,positive,studying,5.534883720930232
7913b30d-19fd-4900-8a68-ce141192b3ec,31,13,38.6875,35,neutral,cooking,3.6875
79818849-98f9-4b6b-9be8-4ed4c1ad59a5,35,13,49.628571428571426,60,positive,fitness,10.371428571428574
79dfc9a4-42c0-42a5-abe4-2b5d3b8a05ab,9,7,58.55555555555556,70,positive,miscellaneous,11.444444444444443
79f1b9b4-b21b-4abd-802a-811540cbc845,5,4,53.0,70,positive,travel,17.0
7a79f4e4-3b7d-44dc-bdef-bc990740252c,4,4,56.75,45,positive,technology,11.75
7bb8c7ec-8d65-43e8-a9fb-ac01936b18cc,26,13,42.592592592592595,45,positive,cooking,2.4074074074074048
7bbce877-eb47-4ad3-9a57-7ec4a0190f1b,34,14,49.42857142857143,50,positive,travel,0.5714285714285694
7c2e209e-acea-4246-a32d-636e2f2cc2c1,8,6,29.25,20,neutral,dogs,9.25
7c47e333-da29-4be9-8156-2e5f75a991e1,31,12,33.806451612903224,35,neutral,dogs,1.1935483870967758
7c4f0389-01a5-4ea8-a643-83414441fe81,43,16,42.86046511627907,50,positive,tennis,7.139534883720927
7cace87f-53ff-40c0-99f5-abbc5b8f86d6,28,14,41.535714285714285,35,neutral,cooking,6.535714285714285
7cb131be-2e2c-4c28-9e88-66cec9d34e4f,8,5,35.625,20,neutral,technology,15.625
7cbe1ddf-f81e-4597-be11-420b4dd815dd,17,10,49.8235294117647,60,positive,miscellaneous,10.176470588235297
7d459555-a816-4d20-893c-a002e0a74ce3,15,10,46.53333333333333,60,positive,healthy eating,13.466666666666669
7dc268e5-b50d-4280-82aa-e08af75a8a0a,20,13,40.75,35,neutral,science,5.75
7df08397-b59a-4973-8c62-fc5d4c36c08a,15,9,37.333333333333336,20,neutral,veganism,17.333333333333336
7df4b13f-c41a-4c81-88fb-213a6a96acc5,40,16,37.25,35,neutral,culture,2.25
7dfe344f-172b-4d1d-a9a5-d63e7a097642,1,1,50.0,50,positive,miscellaneous,0.0
7e2e14e2-79eb-41d0-8d5f-eba20460f049,28,14,41.3448275862069,35,neutral,dogs,6.344827586206897
7e9865ec-7455-4b39-89f7-92e2a82d0f12,1,1,10.0,10,negative,education,0.0
7ef17afb-ded2-4675-9800-2cf7fe58e6b1,16,13,48.1764705882353,60,positive,miscellaneous,11.823529411764703
7f5299bf-ae57-4c01-a84c-f0c6bc7a5b5f,40,16,44.04761904761905,45,positive,animals,0.952380952380949
7f7d20ca-fedf-48e6-8364-dbb8adeb4223,27,12,32.81481481481482,30,positive,animals,2.8148148148148167
7f9423ac-89b4-4a9a-9747-76e8dd533e81,7,5,34.57142857142857,35,neutral,miscellaneous,0.4285714285714306
7fe36d94-8867-4719-9c62-60b077cf5973,37,16,42.225,45,positive,travel,2.7749999999999986
7ffd0a82-4a0a-4527-a4d6-e251b756bac7,8,6,28.0,20,neutral,miscellaneous,8.0
800f467b-53a3-4d20-9342-51fe4fa36ebb,7,6,32.857142857142854,45,positive,food,12.142857142857146
802a8533-3051-4e2c-ad30-7751ece5d514,23,15,42.625,45,positive,food,2.375
809b41e3-7a6f-4d80-84bf-f8d7b0e2d0e1,13,12,41.46153846153846,50,positive,dogs,8.53846153846154
80bf3ac3-e94e-44cf-81ef-345a8326802c,32,10,43.81818181818182,50,positive,veganism,6.18181818181818
80d4bec9-6441-41a2-be74-0eec3e5317ef,39,16,39.74418604651163,45,positive,tennis,5.255813953488371
80f6df7f-517f-4f0e-b6cb-004d61ad2bc8,23,14,41.91304347826087,50,positive,miscellaneous,8.086956521739133
811834bf-44bf-47f3-ae30-e305591177d6,2,2,16.0,12,negative,animals,4.0
8123c0ac-30b0-4a20-bebe-864b3a6b9e9a,27,14,33.92857142857143,20,neutral,soccer,13.92857142857143
81abd65a-3b76-4574-a0a7-db6bf7184ae2,43,12,38.63636363636363,35,neutral,food,3.636363636363633
81d2e41e-39c2-41da-bea4-a6b46daa3f6f,5,4,34.8,20,neutral,science,14.799999999999997
8204e4bd-c544-4a18-ac0d-6f5289957cdf,18,11,39.833333333333336,45,positive,dogs,5.166666666666664
82145a60-013e-4d96-81a5-399af8618158,28,13,32.964285714285715,30,positive,miscellaneous,2.9642857142857153
8338222c-c31f-40f3-883c-44125f36bae8,31,14,31.46875,20,neutral,education,11.46875
839d117b-c764-4930-99f2-a6e4d1b47790,39,15,41.73170731707317,50,positive,cooking,8.268292682926827
83d08b29-6cdc-436c-89a6-20c3d60f7e73,37,15,39.39473684210526,35,neutral,soccer,4.39473684210526
841403fd-321b-4118-90b3-cc0075d64047,22,11,48.72727272727273,50,positive,studying,1.2727272727272734
845fe8d4-bffc-485f-ae96-fd8fe9ea013d,10,7,50.0,50,positive,education,0.0
846b8dcf-d2d2-45e7-816d-7dd62d4fbbe4,18,12,44.44444444444444,50,positive,culture,5.555555555555557
8477eb49-08fd-44c3-a238-a13ee8cc5be8,11,9,37.5,35,neutral,food,2.5
8490c29c-177f-4c21-9d37-d509f9287f30,26,13,32.22222222222222,20,neutral,tennis,12.222222222222221
84a81261-6334-4ba5-978d-26a45d28a44f,28,14,40.67857142857143,45,positive,animals,4.321428571428569
850fe90d-47d6-4eb7-b9c8-810afcb99ce9,39,16,36.048780487804876,35,neutral,tennis,1.0487804878048763
85260ec2-7b35-4266-8071-580a8b4341ca,3,3,49.0,72,positive,tennis,23.0
8526d7cd-bf33-4bf4-aa07-2c25c610cc74,27,13,41.107142857142854,45,positive,dogs,3.892857142857146
853e37de-5ba2-447a-a0dd-a1b4407e5ec4,39,15,42.1219512195122,45,positive,travel,2.878048780487802
85e013ce-3474-4c9a-a4ea-7b726a29baae,10,8,35.3,15,negative,miscellaneous,20.299999999999997
86346263-02db-4020-a216-9e54f502f643,41,15,36.8780487804878,30,positive,travel,6.878048780487802
8644e163-704a-4a99-a859-5e07fcfe3879,24,15,38.11538461538461,35,neutral,education,3.115384615384613
86f4e4df-636a-48f5-bb66-03ea4fd00214,37,15,31.29268292682927,30,positive,veganism,1.2926829268292686
87349e5b-eda4-4ae6-94d7-c42b9c5f03e9,38,14,35.578947368421055,35,neutral,miscellaneous,0.5789473684210549
87958932-6baf-4339-b01b-6112d9b180ed,37,15,33.78947368421053,20,neutral,culture,13.789473684210527
87bf6cd4-f955-418b-aa84-9bfffcb4abeb,23,13,37.34782608695652,35,neutral,healthy eating,2.3478260869565233
881d8944-8eeb-4439-b40c-9396a1e31f20,2,2,40.0,5,negative,science,35.0
8838fd48-05c4-4b57-a192-35e9ff67f9b2,13,7,22.846153846153847,15,negative,miscellaneous,7.846153846153847
8866b759-c55c-4fd3-9753-8a69265c481e,15,10,46.13333333333333,50,positive,miscellaneous,3.866666666666667
888660b0-7dd8-4983-858a-101cd03d392b,33,14,36.52777777777778,35,neutral,science,1.5277777777777786
8891433d-d874-4bd5-a8ca-4114a4131b20,33,14,35.73529411764706,35,neutral,tennis,0.735294117647058
88cbf75c-79f0-42cb-8733-af670f39d6e0,40,15,44.31707317073171,50,positive,animals,5.68292682926829
88d65e30-7ca0-4f32-a020-45c4cb3d9632,38,15,45.44736842105263,45,positive,travel,0.4473684210526301
88e43f42-027e-4256-bab4-2d1c2b6f8f67,1,1,5.0,5,negative,education,0.0
8945e374-9170-4799-b6b0-78fd9d5821a6,12,10,38.916666666666664,30,positive,studying,8.916666666666664
89cb4504-fccd-40f4-945e-410f74ee4735,34,15,42.55882352941177,45,positive,animals,2.441176470588232
89cf06bc-e921-4cfd-bd16-d071757d90a2,32,14,37.26470588235294,45,positive,animals,7.735294117647058
89fd8f89-807f-4076-b7e7-84db361e11c1,3,2,31.666666666666668,45,positive,studying,13.333333333333332
8a5dddcf-dda6-4715-a804-10d98cbf8fdc,6,6,41.666666666666664,35,neutral,education,6.666666666666664
8b08e78c-4798-463a-b868-a0dc9fde777f,25,14,42.44,50,positive,public speaking,7.560000000000002
8b1bfacc-00fd-4f6e-b647-6ecfe2b7ce69,28,13,38.41379310344828,45,positive,miscellaneous,6.586206896551722
8b51c05c-a8a2-4a6c-b031-165fb7bac840,25,13,31.423076923076923,30,positive,miscellaneous,1.4230769230769234
8bcb980c-6f36-484d-974f-30b3e8fcc251,18,10,38.44444444444444,45,positive,miscellaneous,6.555555555555557
8c3e8682-dec4-4d3b-a4e1-8c146f70d56f,12,9,47.76923076923077,45,positive,food,2.7692307692307665
8cabe738-41cd-47e1-82e2-20972f320fb1,18,11,34.55555555555556,30,positive,public speaking,4.555555555555557
8caec934-9519-47de-8dd4-b6d65e279661,40,14,41.425,35,neutral,public speaking,6.424999999999997
8d32243c-2dd1-4128-bde1-d643207e582c,41,14,30.976190476190474,20,neutral,studying,10.976190476190474
8d7a1aff-abed-432f-a458-a4ab40324e72,17,12,46.64705882352941,60,positive,travel,13.352941176470587
8de4028d-9af3-4dc0-a4d6-4d9a56eae3c5,25,11,41.888888888888886,45,positive,technology,3.1111111111111143
8e0f1d3e-b588-44de-a423-8224eb26aa99,24,14,39.75,45,positive,healthy eating,5.25
8e3896e3-2f84-4b47-9365-fb562c9ed730,34,13,45.857142857142854,50,positive,public speaking,4.142857142857146
8ea001b0-f13b-420f-b0f2-0cc35bdcd152,34,15,39.69444444444444,30,positive,studying,9.694444444444443
8ec8db61-8bea-440b-88ee-f1f593eb4a7f,22,13,38.0,35,neutral,education,3.0
8ed94c6d-bcb3-460c-aa5f-69199d2495e5,13,10,53.61538461538461,60,positive,miscellaneous,6.384615384615387
8ef185a2-8910-41f5-a109-95c925ebffa0,18,10,30.94736842105263,12,negative,public speaking,18.94736842105263
8f12f846-7528-4516-aa7c-f937d868c904,12,8,35.583333333333336,35,neutral,culture,0.5833333333333357
8f3cce80-d539-4f83-84f6-901e524c088e,2,2,57.5,45,positive,travel,12.5
8f4cea30-10e7-4806-8c01-d78ef6bcbfa8,37,14,43.18421052631579,45,positive,tennis,1.8157894736842124
8f640e2f-27bc-46cc-a43a-f750e357fc35,8,6,35.5,20,neutral,soccer,15.5
8f82022e-2ba7-4269-ab8f-3b47f87004de,19,10,44.68421052631579,60,positive,miscellaneous,15.315789473684212
8fa19e64-72ab-4cff-bc92-b8a057395043,8,6,49.875,45,positive,food,4.875
8fe92544-5c15-4f77-bc40-c6e4b7d13674,16,9,31.3125,15,negative,animals,16.3125
90418e93-aa5a-4608-866e-25464b617c9b,22,12,45.86363636363637,45,positive,science,0.8636363636363669
909cbb46-9789-4e9d-9148-890e5c44a9e2,29,16,44.16129032258065,50,positive,animals,5.838709677419352
9108109e-c521-4528-9d90-4c804cbb866d,36,15,41.578947368421055,35,neutral,veganism,6.578947368421055
915505a1-6d75-4894-8200-0f088c19431b,13,10,48.38461538461539,50,positive,cooking,1.6153846153846132
91f7585b-c756-475b-9f21-877d7c48b579,12,8,36.416666666666664,30,positive,soccer,6.416666666666664
92c1fcb5-5b56-4780-85cb-0c4858b39b3e,29,14,46.10344827586207,50,positive,travel,3.896551724137929
93081b1a-4446-438a-a0d7-fbcedc3c992d,10,6,50.5,50,positive,miscellaneous,0.5
93c0f4f6-8c1e-453e-8df0-3015b1e76376,33,14,40.5,35,neutral,technology,5.5
942c5154-791e-47c0-bfad-264a3d6296eb,30,12,42.87096774193548,45,positive,animals,2.1290322580645196
9476189c-8342-489e-985c-81de9320f527,8,6,24.875,10,negative,soccer,14.875
9489565a-a899-4693-ad48-369f86b4b862,22,12,38.81818181818182,35,neutral,studying,3.81818181818182
94be0dfb-a23a-4426-9c3c-e4db1fd914b5,33,15,40.09090909090909,45,positive,miscellaneous,4.9090909090909065
94f8ffbb-d888-4713-8cdd-ea57466d88b2,17,14,39.64705882352941,45,positive,miscellaneous,5.352941176470587
9522ddea-8e07-4a2a-a001-25e4a534b8f6,40,14,35.3,30,positive,technology,5.299999999999997
9531f7f8-d0cc-4e42-9cbb-94d93692653f,21,10,41.142857142857146,45,positive,soccer,3.857142857142854
954678ba-9ecc-4c0c-93a3-aba0e289cfbf,27,13,33.148148148148145,20,neutral,dogs,13.148148148148145
95fe7e7c-f327-4a0a-af06-5a88346f8546,21,11,30.652173913043477,20,neutral,science,10.652173913043477
96209724-37a8-475b-b80a-03e96a7c33b1,35,14,38.388888888888886,20,neutral,fitness,18.388888888888886
962e5969-cd65-4670-a2ae-b0266908426b,26,13,37.333333333333336,35,neutral,miscellaneous,2.3333333333333357
964173f3-7019-4758-9ab9-df71585aa965,27,13,46.333333333333336,60,positive,veganism,13.666666666666664
964a54b7-7dc7-40b0-bd94-9898b670f9cd,17,12,35.94117647058823,20,neutral,miscellaneous,15.941176470588232
965a00aa-3037-4ea6-b6be-26f6fbee029e,16,10,46.3125,60,positive,public speaking,13.6875
96d90aa6-a75b-4a75-9565-45f6cc8c9e98,26,15,47.26923076923077,50,positive,public speaking,2.7307692307692335
96ece45a-89e4-4cf8-b216-c860bf8e158e,38,15,38.28947368421053,35,neutral,food,3.2894736842105274
972b6e82-421f-43f6-905c-2168933de18f,34,12,49.25714285714286,65,positive,animals,15.74285714285714
97522e57-d9ab-4bd6-97bf-c24d952602d2,39,13,28.682926829268293,20,neutral,studying,8.682926829268293
985f4b4f-de40-4a4e-a090-01e100be42e9,35,16,37.526315789473685,35,neutral,travel,2.526315789473685
98a7f6b9-8dd3-40c9-8c98-db01b6c80015,30,14,38.4,35,neutral,technology,3.3999999999999986
98d99f96-c8f9-4075-a3c8-f7aceb7e3bd2,27,12,34.892857142857146,30,positive,technology,4.892857142857146
990ad477-b9eb-4ea6-9ec8-3f941f53b758,18,9,40.0,35,neutral,animals,5.0
990f1598-4dbb-403c-a5b2-48de2c30b1ca,29,13,34.53333333333333,35,neutral,miscellaneous,0.46666666666666856
998194db-5706-4b01-9565-7c7e7d4ea5f5,29,14,33.37931034482759,30,positive,cooking,3.379310344827587
99fcc8a6-550f-47a1-b312-aba8a031f6c7,1,1,60.0,60,positive,travel,0.0
9a25d0c6-1134-41d2-abc4-e893c41363bc,26,12,31.85185185185185,30,positive,science,1.8518518518518512
9a2c328f-16aa-490c-8ca2-c7deaa90db3f,36,15,44.37837837837838,60,positive,culture,15.621621621621621
9a517a10-7dd2-4a30-b67a-925569d9ed84,33,15,41.27272727272727,50,positive,miscellaneous,8.727272727272727
9a5951a5-a36f-404e-a746-f6023c160fc0,42,15,38.86046511627907,35,neutral,science,3.860465116279073
9b3a6d30-48e8-476c-82be-9031524bd04d,24,13,34.833333333333336,30,positive,food,4.833333333333336
9b480f9e-cef3-46cc-8ea1-c116cded9661,10,7,44.0,45,positive,public speaking,1.0
9bc09268-79e8-4402-ba22-ffd1e45fa66d,36,15,40.45945945945946,45,positive,travel,4.54054054054054
9c066976-30e0-405e-9973-5c4342271a70,19,12,32.68421052631579,35,neutral,tennis,2.3157894736842124
9c542f56-b0ec-4df1-b95e-f56e1c467813,36,15,41.888888888888886,45,positive,food,3.1111111111111143
9c55917b-055c-4ae0-b044-cce9fb89bfa9,13,7,32.38461538461539,15,negative,miscellaneous,17.384615384615387
9c6b0084-60ba-4e88-a0c7-ba0f61ec2c11,34,15,37.94117647058823,30,positive,cooking,7.941176470588232
9c8be342-6cff-4d80-bf94-fd0fd8ccd845,36,14,32.52777777777778,20,neutral,miscellaneous,12.527777777777779
9c8f1389-d04e-4a55-a2f5-1612539b70a7,25,12,42.12,35,neutral,miscellaneous,7.119999999999997
9d94f180-947c-40f5-aa05-f1958759b7fc,28,15,41.75,45,positive,science,3.25
9ec9b340-df2d-472f-9a7f-80b4790788e6,13,10,35.857142857142854,30,positive,travel,5.857142857142854
9ee8836d-af4b-46ad-8869-4e0b1dedff7d,37,15,34.43589743589744,30,positive,tennis,4.435897435897438
9ef39aa2-60f9-4e4b-b666-c6cb97015503,34,15,47.861111111111114,50,positive,travel,2.1388888888888857
9f3fd778-5ce2-43e5-bc5e-2af9b6b12fc8,30,15,41.3125,45,positive,miscellaneous,3.6875
9f737e0a-3cdd-4d29-9d24-753f4e3be810,14,10,32.857142857142854,35,neutral,healthy eating,2.142857142857146
9fdcedb3-8e19-4755-93b2-133673d4620b,5,5,22.4,12,negative,travel,10.399999999999999
a03b3048-776e-4925-a52e-f6b1760a1be4,21,10,47.476190476190474,50,positive,education,2.5238095238095255
a048f504-f428-438d-bb91-f1ad562ff5f8,3,2,66.66666666666667,65,positive,public speaking,1.6666666666666714
a059c110-6fab-4a4f-9482-eaf2c269911e,40,15,39.19047619047619,30,positive,food,9.19047619047619
a0606e08-1798-44f5-a575-28e82f79dfe3,17,14,48.89473684210526,60,positive,veganism,11.10526315789474
a1249a46-6362-4a73-a1e9-3b5d236cdd73,35,16,39.57142857142857,35,neutral,studying,4.571428571428569
a168836d-7a74-41e2-a8ae-809fa556c8a0,16,12,44.75,50,positive,travel,5.25
a1d33ddd-1a6c-4dc2-afe1-bcf632cf0ce4,42,15,43.04545454545455,45,positive,food,1.9545454545454533
a287c7ad-f5c8-4d87-940b-b7b24e2b42ac,21,13,34.95238095238095,20,neutral,fitness,14.952380952380949
a2e93b29-9259-4092-a4d7-62d5e823bb74,33,14,37.0,30,positive,public speaking,7.0
a2ff9bf2-1fa6-4001-9566-f597f8e754ef,23,12,36.47826086956522,35,neutral,miscellaneous,1.4782608695652186
a38cf15e-6a1d-42e8-bee7-0eeb456c700b,36,15,41.578947368421055,45,positive,travel,3.421052631578945
a3d563e1-c7a6-4367-9195-cddc36863735,28,14,46.75,50,positive,healthy eating,3.25
a3e93c2d-7fb4-4881-994d-ee20ad564924,40,14,38.53658536585366,35,neutral,public speaking,3.536585365853661
a4067fb5-3ba8-4f97-87c2-ddad5e4029c2,30,12,36.32258064516129,30,positive,miscellaneous,6.322580645161288
a412c4fa-42c9-4bd8-a2d7-1ad1dcbe9615,18,10,38.55555555555556,30,positive,dogs,8.555555555555557
a429d355-8983-40a4-aa2b-c3f47acd5499,9,6,46.0,35,neutral,veganism,11.0
a4f6b4c2-36bd-4232-bef8-66577a601163,41,15,39.92857142857143,45,positive,animals,5.071428571428569
a52f38d8-1c2e-4adc-b451-01c49f650195,2,2,40.0,35,neutral,healthy eating,5.0
a55b215b-06c5-4ef3-ac14-7e1569c3ad2e,2,2,58.5,45,positive,miscellaneous,13.5
a58c963f-1bec-4eee-b66f-60062a9dd96e,29,14,40.63333333333333,30,positive,dogs,10.633333333333333
a5b45b7b-dec4-4c26-9323-a3d9a8cb9d5e,20,13,42.05,35,neutral,animals,7.049999999999997
a6cace19-96eb-40b3-b6fb-2a1a4e444dde,43,15,42.27906976744186,50,positive,cooking,7.720930232558139
a72552ac-cad2-4707-8bc6-dea84a5ab72b,5,5,35.8,15,negative,studying,20.799999999999997
a727ed7f-5684-4536-b543-8e8fc93f40b1,17,10,34.27777777777778,20,neutral,cooking,14.277777777777779
a739e02a-5d83-4e0e-b306-740652cf700a,40,15,40.9,45,positive,science,4.100000000000001
a7849ef3-5930-4ba9-9cbe-e215811e713e,1,1,60.0,60,positive,studying,0.0
a784c1dd-e2ab-408d-a0c3-226a51d420e1,29,13,46.13333333333333,45,positive,technology,1.1333333333333329
a7a7c909-15cb-4719-835b-cc9f835feb50,24,13,44.125,45,positive,miscellaneous,0.875
a8160135-2d55-4240-8f28-fbee5ec84801,5,4,35.4,15,negative,miscellaneous,20.4
a82b8250-08aa-47a5-97c4-19f30f236179,37,14,42.45945945945946,45,positive,culture,2.5405405405405403
a861f7e7-b2f5-4d86-966c-7503c8faaeca,26,14,43.0,50,positive,animals,7.0
a881e5c8-4f16-4823-85a8-c595fe220385,9,6,46.0,45,positive,soccer,1.0
a8d3e5b8-7838-477c-82ce-4c90029e56ce,37,14,43.0,50,positive,public speaking,7.0
a8e72f75-bebc-42b4-a3c7-deb8a2412878,29,14,40.233333333333334,35,neutral,miscellaneous,5.233333333333334
a973290c-989a-44d2-afb9-9b4bf16cc17f,9,8,28.0,20,neutral,miscellaneous,8.0
aa1f824d-9df0-4b4c-a49e-0cfb7e244122,31,13,40.90625,45,positive,miscellaneous,4.09375
aa6c9668-7455-4a4c-9915-f7d4cb56c8c6,18,13,43.0,45,positive,animals,2.0
aa9ea032-0fea-42c3-88d9-666685d4b32b,4,4,46.0,30,positive,veganism,16.0
aad272f0-2b16-478b-b2c5-c502b060fc30,14,12,42.214285714285715,50,positive,dogs,7.785714285714285
aafa015b-7447-421e-91bb-b64720402d9e,18,13,39.94444444444444,35,neutral,cooking,4.944444444444443
ab07c995-56e6-462c-9325-bd4a2ffd8c39,26,12,38.48148148148148,35,neutral,miscellaneous,3.481481481481481
ab4c4756-1c50-4136-bad9-3216e01ffac2,24,13,37.791666666666664,35,neutral,miscellaneous,2.7916666666666643
abae4f43-2356-4c6b-b51d-d2acf4644956,18,10,38.333333333333336,30,positive,fitness,8.333333333333336
abecd821-ad3d-43b0-a550-aadd9d267072,18,11,40.77777777777778,35,neutral,tennis,5.777777777777779
abf9ec3b-1d0f-4238-a8f8-137072dab287,39,15,34.857142857142854,30,positive,miscellaneous,4.857142857142854
ac120787-f331-497f-8733-7cd63dfd36b6,27,14,36.0,30,positive,culture,6.0
ac1c59df-2803-4cf4-8ec0-fe6bd1f9ea44,36,14,39.921052631578945,35,neutral,soccer,4.921052631578945
ac63258d-9d7d-4167-934e-48b3f3c43fa9,32,13,33.27272727272727,30,positive,tennis,3.2727272727272734
ad5ddd13-b8ea-4174-ad71-da1663c7f959,3,3,72.33333333333333,72,positive,miscellaneous,0.3333333333333286
ad8bc9be-50a3-491a-b240-49b8f573238e,33,15,35.857142857142854,30,positive,soccer,5.857142857142854
ae87a6a3-1a9e-4323-981d-b63c1f8ca2a6,15,12,35.6,30,positive,miscellaneous,5.600000000000001
ae909545-786e-4089-9ef3-61c3c9fd3efd,1,1,75.0,75,positive,education,0.0
aeff2a7a-2cc8-407a-8557-fa4e96b2425a,1,1,15.0,15,negative,tennis,0.0
af373863-f9df-4330-b423-d2b802b30d6e,30,15,37.36666666666667,30,positive,food,7.366666666666667
af6c5966-dfe7-460b-9853-62ed9f18aed4,40,16,37.20454545454545,35,neutral,miscellaneous,2.2045454545454533
af7971aa-5fd5-41d3-b6c3-583704a705a2,40,16,39.36585365853659,35,neutral,healthy eating,4.365853658536587
af8ab833-e28c-4451-b7f6-83f3953d556b,4,4,47.5,50,positive,dogs,2.5
afe1fed5-5639-45c7-89f8-ce9d1078c910,28,13,32.285714285714285,15,negative,cooking,17.285714285714285
b014a42b-c469-4c26-b4aa-256f4d3d5072,12,10,46.333333333333336,60,positive,culture,13.666666666666664
b0782637-2604-40f7-8fc6-5e7d9ffd2255,22,13,29.272727272727273,20,neutral,miscellaneous,9.272727272727273
b07a2298-7c03-49b3-a0a6-c65333847598,17,12,38.64705882352941,50,positive,culture,11.352941176470587
b0cad7dc-6333-4160-8e7f-425182eb4e29,35,13,33.05714285714286,30,positive,dogs,3.057142857142857
b0dd04df-83a1-470f-80ad-bb173a5e44bc,39,15,35.256410256410255,35,neutral,cooking,0.2564102564102555
b0fbee80-d1fe-4be5-9a32-47f61e395669,13,8,49.38461538461539,60,positive,miscellaneous,10.615384615384613
b13bec8c-4469-4cc8-8650-7057eb95d3ee,30,14,37.72727272727273,35,neutral,travel,2.7272727272727266
b15792cb-995f-473e-8372-5cbe88eb059b,29,16,35.6,20,neutral,miscellaneous,15.600000000000001
b18cb63f-4c8e-44ee-a47f-541e95191d11,38,14,38.60526315789474,45,positive,public speaking,6.39473684210526
b1c49557-0623-4fb2-8f22-1453286fedad,38,15,38.45,35,neutral,miscellaneous,3.450000000000003
b2055111-9b7b-4a05-9f07-ac190a5391f0,38,15,33.80487804878049,35,neutral,miscellaneous,1.1951219512195124
b2344491-76af-4b2c-b569-e9af85298b30,22,14,42.22727272727273,45,positive,culture,2.7727272727272734
b23a874f-72fa-4abb-9ca5-941850c672bc,14,8,47.857142857142854,60,positive,healthy eating,12.142857142857146
b27bfcfe-64df-499e-b60f-f93d2200c589,29,13,42.38709677419355,50,positive,miscellaneous,7.612903225806448
b2a20047-ac6f-4caa-90b1-fe735433e362,29,12,29.4375,30,positive,culture,0.5625
b3562ae0-929b-46a5-8989-89e4ac3d1f7c,40,16,41.425,35,neutral,public speaking,6.424999999999997
b38723f3-878c-4308-b173-14f03639d9b8,34,14,36.0,20,neutral,travel,16.0
b3b384bf-3a17-4ccb-ba86-583dede8fe3c,26,13,35.61538461538461,20,neutral,miscellaneous,15.615384615384613
b3bcbff0-d160-4fbc-b3c6-8113ceb38056,34,15,38.0,35,neutral,science,3.0
b3c0379a-b71a-4f6f-9fde-ceb636739633,28,12,41.25,45,positive,culture,3.75
b400ea0c-43f0-4307-a3b2-78e5784d69be,7,4,48.57142857142857,60,positive,fitness,11.42857142857143
b467bf5d-1bcd-4c52-a667-6b88269ad02a,17,10,27.444444444444443,20,neutral,dogs,7.444444444444443
b47f0569-8d01-4ac4-a4ed-0fcc94cb96fc,35,15,44.111111111111114,50,positive,studying,5.888888888888886
b4871080-6bb7-4056-82a9-d8015d7b76e8,10,8,33.5,30,positive,miscellaneous,3.5
b4c71928-99f0-4f1e-bdff-3d99c16113ac,32,15,38.411764705882355,30,positive,travel,8.411764705882355
b4cef9ef-627b-41d7-a051-5961b0204ebb,3,3,41.666666666666664,35,neutral,miscellaneous,6.666666666666664
b4d8b8ed-d538-49d2-a1cb-25548045bcf1,32,14,37.875,35,neutral,healthy eating,2.875
b50871e0-183e-4a1d-884b-f20fb271041b,21,15,35.61904761904762,30,positive,cooking,5.61904761904762
b529487b-160b-48cd-aacc-2741b18462c6,31,14,28.9375,20,neutral,studying,8.9375
b56a9e24-d0f2-4599-b893-c2889a15e1d6,38,14,34.725,30,positive,veganism,4.725000000000001
b5966298-63d8-403e-96ab-9a610eb9752d,6,4,40.833333333333336,50,positive,miscellaneous,9.166666666666664
b62831cc-7447-465b-9c58-1fc659b17310,39,15,45.24390243902439,50,positive,animals,4.756097560975611
b6393b8b-320e-4558-8614-20a6727f2eea,35,12,39.86486486486486,45,positive,food,5.135135135135137
b6c24086-becf-4615-801e-c3c298a8d4e2,31,16,39.03030303030303,45,positive,travel,5.969696969696969
b6ecb09e-a706-4589-bb75-70cb1cc590eb,19,10,41.94736842105263,35,neutral,culture,6.94736842105263
b6f447e5-0a89-468a-8ad2-fd45676170d5,42,15,39.333333333333336,35,neutral,veganism,4.333333333333336
b70813e7-8acd-462a-9b13-6d1258030fed,4,4,35.0,20,neutral,animals,15.0
b7983f99-c4c7-455b-a120-b144101449ad,21,13,41.68181818181818,50,positive,dogs,8.31818181818182
b7a5e38b-b990-4b8e-aaac-6cc9ee77f3d9,1,1,35.0,35,neutral,cooking,0.0
b814490f-ff17-4f98-8fb0-cade9c2d8e61,9,5,29.444444444444443,20,neutral,culture,9.444444444444443
b81f446e-be9b-4fff-8faf-7732c6306c75,27,14,46.22222222222222,60,positive,cooking,13.777777777777779
b8368fca-8fe3-4768-beed-5056cff63c23,31,14,41.74193548387097,35,neutral,miscellaneous,6.741935483870968
b85e1b0d-1018-4a65-a709-4ac5323e06d9,17,10,33.578947368421055,30,positive,fitness,3.578947368421055
b90bb1f2-9dbf-4802-a0e2-103dac50d272,28,15,35.642857142857146,35,neutral,miscellaneous,0.6428571428571459
b9b0dcaa-7b39-4b15-9f75-165ae7aac6b8,32,13,31.029411764705884,30,positive,animals,1.029411764705884
b9bfb48f-a6b6-4c15-869a-1acceea04fca,24,15,46.64,50,positive,miscellaneous,3.3599999999999994
b9ff65d6-b79a-4f9b-8745-10088ddf9934,31,13,37.59375,30,positive,animals,7.59375
ba9ce407-672c-4ceb-9c1f-59590fd187d0,13,9,38.23076923076923,30,positive,fitness,8.230769230769234
baa2db00-81ba-4c34-b17d-dd950bfa133b,27,14,37.55555555555556,45,positive,miscellaneous,7.444444444444443
baadf2d9-ab5b-458d-a3cf-37c39a69be50,33,13,49.09090909090909,65,positive,technology,15.909090909090907
bac28166-5b8d-4f5d-88da-8c8f9a1c3f5b,38,16,46.857142857142854,60,positive,food,13.142857142857146
baf5959e-204c-4acc-838c-87617e79f448,3,3,21.666666666666668,5,negative,fitness,16.666666666666668
bb157107-088c-45aa-8d16-5c093a7471c6,19,13,40.8421052631579,35,neutral,culture,5.842105263157897
bb3901bd-a3d9-4f45-8b0c-0548c36385d2,22,14,36.78260869565217,35,neutral,fitness,1.782608695652172
bb6c0257-5d4d-4bb8-be58-4bd7ebd9c337,26,11,37.111111111111114,30,positive,miscellaneous,7.111111111111114
bb9dcde7-55bb-4fb8-b349-caa58fb08823,37,13,38.282051282051285,30,positive,healthy eating,8.282051282051285
bc06bab7-dbf7-4d7a-81b4-9f76f2f0b87c,39,16,44.42857142857143,50,positive,culture,5.571428571428569
bc1f22da-d7b2-49d8-a6f1-1132776b4b18,40,16,33.24390243902439,20,neutral,culture,13.243902439024389
bc604b62-adbc-4c93-a2ae-602160714d1c,30,15,35.903225806451616,30,positive,cooking,5.903225806451616
bc8024c3-c51e-4875-b8df-419e9848f492,32,12,30.58823529411765,20,neutral,miscellaneous,10.588235294117649
bc9cc9ed-3e90-4fef-a1e8-d54b31e88f30,31,13,29.516129032258064,20,neutral,healthy eating,9.516129032258064
bcd3702f-c27e-48ce-889b-63f765f498ef,36,14,36.5945945945946,35,neutral,education,1.5945945945945965
bceb7f2d-6afe-45fc-88b1-4d4c8f597cf8,21,12,24.38095238095238,20,neutral,technology,4.38095238095238
bd656a40-09c1-4219-8210-e667136e3734,41,14,31.325581395348838,20,neutral,culture,11.325581395348838
bd810ca4-54cf-420e-afec-0214b870672e,4,3,23.0,5,negative,miscellaneous,18.0
bda0b065-7f8b-4d52-b7e9-fcc375cdab08,19,11,49.78947368421053,60,positive,travel,10.210526315789473
be85274a-28f1-4c6d-9ea1-7b20d1e0c66f,24,11,43.083333333333336,45,positive,culture,1.9166666666666643
bea01dba-56f4-4d26-82a1-9b13fb382d89,19,11,44.31578947368421,45,positive,dogs,0.6842105263157876
bead7e6d-0e1f-489d-81b2-d006a67b5b33,27,13,39.77777777777778,45,positive,science,5.222222222222221
bf8e2e7a-7a90-47f8-8dd6-01f8c6aa32ed,11,9,32.45454545454545,20,neutral,science,12.454545454545453
bfa4e11c-9d72-49b9-bd43-49d95c2e5181,10,8,43.2,35,neutral,veganism,8.200000000000003
bfc26d2d-b5e5-415a-b104-64befef2f52a,27,14,44.925925925925924,50,positive,food,5.074074074074076
bfeb6117-9179-469d-9ea8-8f41a251a5fc,27,14,40.5,30,positive,fitness,10.5
c01fa154-5348-4040-9d20-0bbf01f6349b,34,15,28.394736842105264,15,negative,tennis,13.394736842105264
c056339f-7bc9-487a-85eb-aa7c6da9e5fb,34,14,37.55555555555556,30,positive,miscellaneous,7.555555555555557
c0ea9b69-639e-42fe-8aa5-67f46036a17c,5,5,62.4,65,positive,animals,2.6000000000000014
c136ae25-d882-4e2c-b515-5727ad2626a5,37,15,42.97435897435897,50,positive,soccer,7.025641025641029
c13e7406-c610-4721-b80d-2b5ad533e90a,22,9,27.454545454545453,30,positive,cooking,2.5454545454545467
c2373565-f5f1-415f-9786-49ff558c7739,9,8,32.22222222222222,20,neutral,soccer,12.222222222222221
c24a56ff-256e-46eb-9936-a6284451fc61,25,12,40.08,30,positive,studying,10.079999999999998
c24f4499-faae-4ff0-baf1-4be6a9061aa1,18,12,29.88888888888889,20,neutral,miscellaneous,9.88888888888889
c2640cbb-d9d4-424e-9ef5-a4c972ea2f09,29,13,39.58064516129032,35,neutral,travel,4.58064516129032
c2d6e707-f00e-4fa4-a193-eb36272f58df,13,8,48.5,60,positive,veganism,11.5
c2fbcf27-369b-4385-925a-ca2eca1403c1,25,13,36.72,30,positive,culture,6.719999999999999
c323d478-30a2-4140-a2ba-935a37b2ec10,14,11,28.466666666666665,20,neutral,miscellaneous,8.466666666666665
c39f187c-932b-4403-ba6f-e081b235dbd4,20,12,40.38095238095238,50,positive,travel,9.61904761904762
c3d1c36d-2ad9-45ce-be49-51c103351e62,29,14,38.53333333333333,35,neutral,travel,3.5333333333333314
c48d7966-42f3-43a6-a0b7-0a2260ffa125,10,6,38.4,35,neutral,culture,3.3999999999999986
c4cc899d-4c35-47fd-9710-8e2dea9782c9,34,15,43.361111111111114,45,positive,science,1.6388888888888857
c4f59a1e-3198-4968-b062-9e9fcc41403f,4,3,21.25,20,neutral,veganism,1.25
c54b49c4-b1f2-4641-8595-1cbd19937845,32,14,41.515151515151516,45,positive,science,3.4848484848484844
c582f515-4d90-4ae6-9ab7-059fdbd7956c,22,13,44.26086956521739,50,positive,technology,5.739130434782609
c59e27e9-0439-4699-8ea0-5e93f662a05d,1,1,72.0,72,positive,fitness,0.0
c5e2d733-94b9-4259-85e8-6fb7a95a1887,34,15,36.416666666666664,30,positive,tennis,6.416666666666664
c61b7ef6-d7ab-41fc-aebc-dc16f256957f,34,13,37.74285714285714,45,positive,miscellaneous,7.25714285714286
c63235b6-aad7-42ff-96ba-978e47a6c5fc,10,7,42.5,45,positive,tennis,2.5
c6616e7c-f815-46d0-9b1d-d7ea977f5d32,24,11,45.291666666666664,50,positive,miscellaneous,4.708333333333336
c6cbd704-9d4a-4ace-b61e-e5df74ee83af,12,8,41.38461538461539,50,positive,education,8.615384615384613
c6f6e0f3-9fae-4bf9-abb3-cd7248a51061,21,12,35.714285714285715,30,positive,culture,5.714285714285715
c7066a17-2e12-49d2-bb9e-c8967051f490,23,12,47.833333333333336,50,positive,public speaking,2.1666666666666643
c75dfa33-cd71-486f-b4e1-f5e9133ae873,22,12,45.36363636363637,45,positive,veganism,0.36363636363636687
c7b02507-18a2-4169-91f1-4fc727c8bc03,37,16,43.05,45,positive,miscellaneous,1.9500000000000028
c82d3a99-3d11-407d-9648-9f9560f40d7f,9,6,31.555555555555557,15,negative,travel,16.555555555555557
c84f903e-32ae-4ce1-b66b-d876439fccf5,31,14,36.34375,45,positive,healthy eating,8.65625
c892a472-bf81-4946-83c0-d3697ba65b95,27,11,41.2962962962963,50,positive,soccer,8.703703703703702
c8b044a9-8427-4b41-bc61-7b549ab1626c,14,9,34.714285714285715,35,neutral,miscellaneous,0.2857142857142847
c9082d3b-6f2b-4057-a0b8-3538a247982a,10,7,34.7,20,neutral,miscellaneous,14.700000000000003
c9ab41d2-5728-4d94-b16a-1e9b7af9b21d,24,13,38.708333333333336,35,neutral,veganism,3.7083333333333357
c9b2829f-278c-4acd-a895-cf0bd337d36f,38,14,37.8421052631579,30,positive,fitness,7.842105263157897
cab37e79-0e76-4bd2-b6bd-2fc8bf66ca99,26,13,40.53846153846154,35,neutral,animals,5.53846153846154
cad4858d-77e5-47f8-a6b9-4ce2971d8656,7,7,37.857142857142854,35,neutral,cooking,2.857142857142854
cad48d10-3ad3-4bf0-bee5-330783eb8532,17,12,30.11111111111111,30,positive,miscellaneous,0.11111111111111072
cafddd25-5653-4219-8dc7-a3eae45ea926,33,14,41.0,35,neutral,fitness,6.0
cb0bd265-610e-4d5f-bc00-1732f58562dc,16,12,31.72222222222222,20,neutral,science,11.722222222222221
cb14a57b-9a8e-4694-9516-5a7d2ec41438,13,9,36.15384615384615,30,positive,soccer,6.153846153846153
cb807d6e-079e-417e-adfc-759df6eddfa2,7,6,52.857142857142854,65,positive,veganism,12.142857142857146
cba3c646-6b10-43fe-a1af-a0276815288f,5,5,42.0,45,positive,travel,3.0
cbf66fdd-cd86-4517-8081-181e45f13823,24,15,44.625,50,positive,science,5.375
cc253c91-6df6-4de5-ab4e-6d1127620fd6,39,15,37.333333333333336,30,positive,science,7.333333333333336
cd568dd1-70cf-45d6-b495-10eebff8c920,41,15,48.63636363636363,60,positive,dogs,11.363636363636367
cda6a453-27bf-4237-b848-b27706732716,24,12,43.48,45,positive,soccer,1.5200000000000031
ceba816b-72ea-4682-8795-8569a46bb1d6,3,3,50.0,60,positive,dogs,10.0
cebae43b-4f77-4689-86e0-66fb107d5eef,33,13,50.61764705882353,65,positive,culture,14.382352941176471
cf1e8c1a-23eb-4426-9f58-002fb1b53e91,20,12,40.9,35,neutral,miscellaneous,5.899999999999999
d029d393-b80b-4a56-9450-7645ee42da07,29,15,41.41379310344828,50,positive,healthy eating,8.586206896551722
d03efe68-5986-48c4-8767-93b8f5881004,37,14,33.38461538461539,15,negative,miscellaneous,18.384615384615387
d05568a5-a7bf-4235-9b63-1e2233adf9a8,16,10,47.0,50,positive,miscellaneous,3.0
d0c1d7f4-7735-49a9-ab6b-2cdb2338a609,33,15,38.72222222222222,35,neutral,travel,3.7222222222222214
d0e55134-c60e-4a05-999c-d7697b4901f0,23,14,50.64,60,positive,cooking,9.36
d0f8e229-c57e-460c-a08f-59672c606151,23,12,32.8,20,neutral,soccer,12.799999999999997
d147ab3c-4097-4eec-b4dc-480e4ece801b,4,4,22.5,10,negative,culture,12.5
d16d21cd-30c7-4b1e-b50c-aff5808fe816,19,12,39.421052631578945,35,neutral,fitness,4.421052631578945
d200b97e-f661-4502-80d1-1e458816d558,27,12,37.111111111111114,30,positive,science,7.111111111111114
d288a4cb-6361-4d4b-925f-a0bf2e3350ec,21,13,37.095238095238095,30,positive,technology,7.095238095238095
d347afb6-c092-4301-ba7d-4c59d10142cb,36,15,41.47222222222222,45,positive,tennis,3.5277777777777786
d374af60-1487-4ee4-ac6a-fcc59ae6ea45,10,8,51.9,50,positive,dogs,1.8999999999999986
d39b0a7e-ce14-4ad4-aa9f-5aefc827f9e6,23,11,32.26086956521739,35,neutral,veganism,2.7391304347826093
d3cc1365-2267-4b4a-8a06-40065d7ae0c9,3,3,31.666666666666668,15,negative,miscellaneous,16.666666666666668
d3cc4cf1-81f9-49e7-bf5d-c0ae10a88139,39,15,46.38461538461539,50,positive,culture,3.615384615384613
d4012724-c8bf-4db3-8670-dfa1f630a72a,35,13,43.61538461538461,50,positive,studying,6.384615384615387
d4813cf8-87d5-421e-81f7-c5d43c25c62a,25,13,39.72,35,neutral,technology,4.719999999999999
d539c60f-9967-44b0-a11e-26d5dfa43884,24,14,45.88461538461539,50,positive,fitness,4.115384615384613
d5ec7de3-8c02-4f17-a9f0-dc8a9e64fa1a,6,6,47.333333333333336,45,positive,soccer,2.3333333333333357
d61c4f76-99c6-4cd7-aaad-b3561880aa26,26,12,43.0,35,neutral,technology,8.0
d624685f-99a7-4aee-902b-283f5cf85ada,32,15,44.03030303030303,45,positive,studying,0.9696969696969688
d6c98c19-5733-47fd-9b03-e4574fbe4220,3,3,68.33333333333333,70,positive,travel,1.6666666666666714
d6d4ec49-4210-44de-9f90-c93dfbeed084,26,13,41.42857142857143,35,neutral,tennis,6.428571428571431
d706b190-216c-4103-9107-fb7304766d68,43,15,41.5,45,positive,miscellaneous,3.5
d70f66c4-627a-4416-b1ad-51b5ccc8cf1d,33,14,37.484848484848484,35,neutral,healthy eating,2.4848484848484844
d72ea14e-16fb-4e2d-acf1-59a29dfa21df,12,10,51.0,50,positive,public speaking,1.0
d75016e9-9817-47e7-a2f9-dbfae392d3d6,5,4,37.8,15,negative,culture,22.799999999999997
d826807d-be79-402e-a55a-baf08df8212d,2,2,17.5,15,negative,miscellaneous,2.5
d852b946-01e1-44fe-abd7-26198660cbdb,12,8,37.666666666666664,35,neutral,food,2.6666666666666643
d86a1ec9-a883-44f8-b1ad-2a182c741fe7,8,6,58.0,65,positive,public speaking,7.0
d90a34f1-60ed-4a79-b7bf-fd22efa12e4c,42,15,27.818181818181817,15,negative,travel,12.818181818181817
d95a7e4c-d504-4cba-9bcc-4c4b1bfb06d0,28,14,41.107142857142854,45,positive,technology,3.892857142857146
da527dd0-4b7d-40a2-9fc6-89ef7c91fd87,27,13,37.81481481481482,45,positive,miscellaneous,7.185185185185183
da8f7258-6757-4a7e-892e-a16b925ef83b,36,15,38.583333333333336,35,neutral,cooking,3.5833333333333357
daab7b1a-fc8d-473e-bbf3-b29f4185ae56,18,11,31.5,30,positive,science,1.5
daeddfcc-c030-4674-8317-56a23ab81799,44,14,31.954545454545453,20,neutral,miscellaneous,11.954545454545453
db672f6f-2f5b-47bd-aed6-bfc22188de4d,6,5,47.5,35,neutral,miscellaneous,12.5
dc1d4628-4edc-47c2-8da7-0b3d16ef5ddf,29,14,42.206896551724135,45,positive,miscellaneous,2.7931034482758648
dc78a872-9057-4a8e-9a25-a1c407c1b7c9,9,8,45.77777777777778,45,positive,culture,0.7777777777777786
dcaa5091-1246-4d3c-aed8-dcd8e1da69cc,43,15,37.0,20,neutral,science,17.0
dd2f8912-9b97-40cb-ac5f-215f98d4d733,18,10,41.05555555555556,50,positive,fitness,8.944444444444443
dd5bd710-bb81-464e-a798-0291b385e883,34,14,38.8,45,positive,miscellaneous,6.200000000000003
dd7069e3-d0ad-4599-b159-032267fd5008,23,10,36.08695652173913,20,neutral,public speaking,16.086956521739133
dd942c3f-2ed5-4849-9e2b-7484f5a4eaf4,5,4,37.0,35,neutral,miscellaneous,2.0
de61a447-bbf0-477e-9743-71031d59bbf8,39,14,37.2,30,positive,studying,7.200000000000003
de95cdb1-a85a-40de-8467-892e2d1481af,38,13,40.375,45,positive,education,4.625
de9796a6-d19d-4c41-a965-7aa4dcc69fee,35,16,40.833333333333336,45,positive,technology,4.166666666666664
def0559c-73c2-48f9-b85d-0c807659207f,4,3,65.5,60,positive,miscellaneous,5.5
df06cdab-afc8-4965-9b10-c270b0cafedf,18,11,36.666666666666664,20,neutral,animals,16.666666666666664
df15da28-c038-4d0c-a63a-eac77f650ee3,35,15,36.13157894736842,30,positive,tennis,6.131578947368418
df2214cb-61f3-4744-86a8-7c01e501bc27,18,13,51.888888888888886,60,positive,cooking,8.111111111111114
df6e9952-4e2a-488a-bb83-3a7241f30e6f,37,14,41.05263157894737,35,neutral,miscellaneous,6.05263157894737
dfaed54d-123d-46c6-8a86-dd11c30e4ca3,18,11,28.166666666666668,20,neutral,fitness,8.166666666666668
dfdf6d34-e60b-4d21-9973-4bf07769be78,30,14,39.3,35,neutral,public speaking,4.299999999999997
e0c5ae74-b379-4d34-a7ae-824daea8d682,22,13,41.608695652173914,45,positive,miscellaneous,3.391304347826086
e0cb0394-c5b2-447a-a9f4-88604a3ec283,33,15,38.21212121212121,35,neutral,public speaking,3.212121212121211
e0fe9c2b-0e5f-46b3-bb4a-f68bf569e867,12,10,42.0,35,neutral,science,7.0
e1792fe6-28e0-49fc-8b01-0e027461d8b5,38,15,32.64102564102564,30,positive,miscellaneous,2.6410256410256423
e17bade2-3175-49eb-92f4-7f2eac74147a,26,14,37.81481481481482,45,positive,soccer,7.185185185185183
e18e10e9-ed2a-494b-b215-edce890b1df4,8,7,32.75,20,neutral,miscellaneous,12.75
e1b4a0fe-5069-4765-8170-ef44ab8f102c,26,15,39.0,35,neutral,tennis,4.0
e1da66ba-31f3-46af-aaa3-a183e3e7eb56,12,8,37.416666666666664,35,neutral,veganism,2.4166666666666643
e1eb9e92-2e08-48b0-8be7-a2a98048aa08,25,14,34.38461538461539,20,neutral,miscellaneous,14.384615384615387
e1eca98c-c5fd-4fe4-825f-2d36e8bd56f1,32,14,37.9375,35,neutral,miscellaneous,2.9375
e221de96-8536-4782-8281-f9cda62f3c81,17,9,37.333333333333336,50,positive,miscellaneous,12.666666666666664
e2c433d2-096e-484e-8c69-28f0bb69f3b7,37,14,40.51282051282051,50,positive,science,9.487179487179489
e3107f22-f36a-4d88-9fca-1b842e141db8,3,3,29.0,12,negative,food,17.0
e3bb5693-091c-47de-b4b7-78e28b5fbb98,39,15,31.6,20,neutral,education,11.600000000000001
e3bfdd7e-d7e2-4717-b780-2fa14f3cf858,36,16,37.38461538461539,35,neutral,dogs,2.384615384615387
e3c37598-5a41-471c-a65b-e0e1bef2f3ec,20,11,40.4,35,neutral,tennis,5.399999999999999
e3cd0095-28c9-4f10-b04c-77b4e38bb85a,9,6,49.44444444444444,45,positive,miscellaneous,4.444444444444443
e409d5be-a02d-4688-9869-eb940fe1e133,5,5,41.4,30,positive,public speaking,11.399999999999999
e4127cae-c2e9-4321-919a-be6d11636808,17,9,29.764705882352942,30,positive,miscellaneous,0.235294117647058
e4306fd4-391c-4016-8b5f-98594bb647a0,14,9,38.666666666666664,45,positive,healthy eating,6.333333333333336
e442899c-d2d6-4392-be2d-a0b916ae47fb,20,12,41.05,45,positive,technology,3.950000000000003
e4466189-0b96-4cc4-9d7d-d0f27b982548,18,12,41.22222222222222,35,neutral,miscellaneous,6.222222222222221
e4487829-621f-4265-8665-42a4c0610745,2,2,25.0,15,negative,miscellaneous,10.0
e4827a5c-c604-4aad-b7ed-b396b3601b74,20,13,44.4,50,positive,miscellaneous,5.600000000000001
e4fd43f5-c0cb-47cd-bc41-1e07a8081323,14,10,39.5,45,positive,miscellaneous,5.5
e51b00b8-49d4-4909-9f25-8e9a06e28728,14,9,46.07142857142857,50,positive,miscellaneous,3.9285714285714306
e5490118-90d5-4572-ab1c-1fbc87b8d9ca,4,4,54.25,60,positive,technology,5.75
e57d3bd7-da38-492d-a87d-3a643f61fd9c,26,13,45.73076923076923,60,positive,education,14.269230769230766
e5f1a4c6-2b27-4c8b-ac9a-21bb6ef7c946,1,1,70.0,70,positive,miscellaneous,0.0
e611ee64-7ada-428d-aa37-94c8c0782a91,35,16,40.885714285714286,45,positive,cooking,4.114285714285714
e6193423-0d30-4439-884a-ea22fea68522,20,13,32.6,20,neutral,dogs,12.600000000000001
e61a1b04-17e4-4918-a637-ebfc59783ad0,43,15,40.27272727272727,45,positive,fitness,4.727272727272727
e6b61eab-6879-4618-b189-476f27f02fdd,16,11,51.44444444444444,50,positive,science,1.4444444444444429
e6c8f317-c8a9-4b1d-941a-4cd5420a138b,30,14,41.806451612903224,45,positive,science,3.193548387096776
e6ee2244-9382-49a9-8cbf-fa54aaaa2392,1,1,45.0,45,positive,travel,0.0
e75a100d-18a9-47a5-9554-1843ed350dc9,1,1,30.0,30,positive,cooking,0.0
e7baa303-bc5c-4990-b813-e16fc42342d3,8,8,38.125,20,neutral,science,18.125
e8d62710-7e3a-4bef-b6da-edaaed70c401,40,15,36.04761904761905,35,neutral,healthy eating,1.047619047619051
e8edf506-36c9-43a7-a685-8b9f6467e4f9,8,6,50.0,45,positive,studying,5.0
e949f4c9-81b0-44dd-8a69-0c233134bccd,18,12,40.111111111111114,45,positive,miscellaneous,4.888888888888886
e96d9fcb-b5be-4382-b809-6315dbe6f89a,29,13,37.8,35,neutral,tennis,2.799999999999997
ea1afba2-c0a8-4d0f-ac64-91fd7a126bbc,25,13,38.888888888888886,35,neutral,miscellaneous,3.8888888888888857
eaddee3e-3a23-47cd-9785-ab7f2120a293,29,14,37.56666666666667,35,neutral,science,2.56666666666667
eb6fc324-f85b-4bfb-b712-0a3eceb0b9d7,5,5,49.0,70,positive,soccer,21.0
ebdf5d36-9ecc-44d7-b641-d33805709452,32,14,39.515151515151516,35,neutral,cooking,4.515151515151516
ebdf9868-075e-4fca-a3de-ef7b2cd8f7a1,26,14,45.03846153846154,45,positive,education,0.0384615384615401
ec202582-a5b2-4ea2-992c-8a1ca8b705d0,25,15,44.88461538461539,50,positive,miscellaneous,5.115384615384613
ec69ad7c-c57b-4d10-ad0f-930ff10bf687,18,11,43.94444444444444,35,neutral,science,8.944444444444443
ec6c41c9-509e-43ff-83bb-0e5202b8e62a,32,14,41.6875,45,positive,education,3.3125
ec8e2d25-5730-4753-a0a2-d1ed41e23623,27,12,34.666666666666664,30,positive,healthy eating,4.666666666666664
ec9a2001-b58d-4a7a-86a5-f7ff637f0fe8,19,13,35.63157894736842,35,neutral,travel,0.6315789473684177
ecbba40a-93f2-470a-b565-938f61f527a7,19,12,31.55,30,positive,public speaking,1.5500000000000007
ed00f2a0-56a1-41f9-abad-bdcec9c0f610,11,8,41.09090909090909,30,positive,public speaking,11.090909090909093
ed28489e-90b0-4daa-a1fa-22170cdc89d5,31,15,43.666666666666664,50,positive,veganism,6.333333333333336
edc4a60a-b5ba-4178-b99e-9d34ed92599c,41,14,45.5609756097561,60,positive,technology,14.439024390243901
edea43f3-1541-4e42-8419-d1cdf749025c,26,11,42.34615384615385,50,positive,cooking,7.653846153846153
ee0988ef-8656-4a63-9515-a2533b772636,14,11,25.4,20,neutral,travel,5.399999999999999
ee18c383-1e7a-4507-9e78-1061da09143a,28,13,45.25,50,positive,miscellaneous,4.75
ee631766-3818-4de6-897f-2355542b58e7,9,8,35.22222222222222,30,positive,public speaking,5.222222222222221
eec5dae8-e4d0-4b15-80a9-ac55352cb5ca,42,15,31.674418604651162,30,positive,cooking,1.6744186046511622
eec5e521-4c28-4e8a-93a9-d544803fad7e,35,13,35.08571428571429,35,neutral,food,0.08571428571428896
ef1ed168-7433-4233-ade8-95070d70a382,13,9,33.0,30,positive,travel,3.0
ef619e47-1e88-4e0f-8d91-590cd9ecc137,17,12,41.72222222222222,45,positive,animals,3.2777777777777786
ef802d01-6269-4d21-9159-f1386c75e789,10,8,26.0,20,neutral,technology,6.0
ef99fd68-74fb-4c72-bc70-742ebca14499,37,13,40.432432432432435,45,positive,soccer,4.567567567567565
efda0319-e547-484a-84b5-c5041a57502c,36,15,38.1578947368421,35,neutral,dogs,3.1578947368421026
efffd88f-7ddb-4579-bbf2-e3d248c122b4,20,12,40.25,45,positive,tennis,4.75
f01ec49c-3179-43bb-b127-2b1a73f34b06,24,16,35.96296296296296,30,positive,miscellaneous,5.962962962962962
f08bdab2-b888-484e-8fd9-919e6ed86c12,42,16,43.69767441860465,50,positive,education,6.302325581395351
f0a10ef0-89c7-46b0-828a-e9eec53a8cbe,20,15,36.142857142857146,35,neutral,education,1.142857142857146
f0c6ae88-c87e-4812-9713-ae45018a1f73,18,13,46.888888888888886,50,positive,science,3.1111111111111143
f0d1b3ed-f1dd-4a09-b17a-b0f241932fbb,35,14,43.27777777777778,50,positive,miscellaneous,6.722222222222221
f0eb58d4-5e4e-4dd6-bbd9-853492b2e45a,8,6,41.25,45,positive,tennis,3.75
f1038e6c-5292-4e20-a866-675e1637d6b5,34,14,41.94285714285714,50,positive,soccer,8.057142857142857
f1836624-ac23-4c4c-a868-ebf3256d6e80,7,7,58.142857142857146,70,positive,cooking,11.857142857142854
f2143553-d9cd-4d8d-8276-98557a0054af,15,8,32.625,20,neutral,cooking,12.625
f24f469f-53f1-4901-b6c5-18827ae0a103,26,12,36.0,30,positive,culture,6.0
f298ed7d-2aa2-4231-9523-c4013cef24c3,4,4,52.5,35,neutral,veganism,17.5
f2f7e343-5e8f-4ef3-b693-4261971c2ee7,17,11,44.0,45,positive,tennis,1.0
f332d362-dc48-46c2-a64b-641157c0987e,6,5,35.333333333333336,20,neutral,soccer,15.333333333333336
f361cc99-64f0-4a7c-ad49-945ff01abaa6,36,15,44.833333333333336,50,positive,dogs,5.166666666666664
f3e8d168-6fb9-48b9-8347-b35595162c1d,15,11,45.46666666666667,60,positive,soccer,14.533333333333331
f3e9785c-d4e0-4258-a876-4d58ddb38790,40,15,40.43181818181818,45,positive,miscellaneous,4.56818181818182
f43114af-edb4-4629-bc15-7a483cf3eaf4,2,2,67.5,60,positive,technology,7.5
f47074e8-5189-44ac-82f8-4309d63650b4,5,3,28.0,45,positive,culture,17.0
f4c8e6bb-e282-41f3-a000-bbabae7dbf04,9,7,33.0,30,positive,miscellaneous,3.0
f4e3840e-bb71-40c2-afc5-9408d842646d,26,14,43.42307692307692,45,positive,healthy eating,1.5769230769230802
f5068d8a-d4ba-49ee-8f30-716c1ec57e04,22,11,49.5,60,positive,tennis,10.5
f5d6cb3a-923b-45fb-857a-7250b679625e,3,2,53.333333333333336,45,positive,travel,8.333333333333336
f6055aa8-0c90-4e92-a8a6-7d046f35acd4,8,7,42.375,45,positive,animals,2.625
f65dbde9-c8dc-4851-927e-964fa2e0908a,27,13,39.42857142857143,30,positive,education,9.42857142857143
f663d05c-74ce-424b-89f2-58009b0095fb,13,10,31.846153846153847,30,positive,public speaking,1.8461538461538467
f6c9e663-620c-4d18-9494-7eea83fbf4b7,18,10,38.333333333333336,35,neutral,animals,3.3333333333333357
f6fed2d9-0e25-48b8-bb76-f7cb0667553a,2,2,28.5,12,negative,soccer,16.5
f783f128-6f66-4ef3-a190-5afc29d17012,26,15,44.65384615384615,50,positive,tennis,5.346153846153847
f7b57d86-228b-4777-be51-dde8702f7b4c,40,15,41.093023255813954,45,positive,cooking,3.9069767441860463
f7c26d94-b7c6-45a0-b882-354d8d89c2af,3,3,69.0,72,positive,science,3.0
f8119ef8-1f00-49e4-b468-86dd64042053,37,14,43.45945945945946,50,positive,culture,6.54054054054054
f86dae91-1330-45cc-8353-32839ea82ba6,6,5,33.166666666666664,15,negative,tennis,18.166666666666664
f98dde71-ce1d-4f6c-bb05-ae05779d2207,33,14,36.35294117647059,35,neutral,soccer,1.352941176470587
f9c0a47d-c96d-4457-a1be-aa7642ea38c1,33,13,35.21212121212121,30,positive,culture,5.212121212121211
f9e9544e-16b5-416f-9aec-80a723d1e64c,26,14,35.0,30,positive,miscellaneous,5.0
fa337cb5-179a-4f92-a085-e6b3c60e2854,32,15,32.705882352941174,30,positive,food,2.705882352941174
fa39acec-96b1-441d-8f85-16dfb44bdfba,34,14,36.083333333333336,35,neutral,miscellaneous,1.0833333333333357
fa3a6a40-59db-4027-b8ee-89c79ecbee7f,20,11,29.45,15,negative,cooking,14.45
fa60edda-2d32-42ab-905d-2f5de379c461,8,7,40.0,45,positive,fitness,5.0
fa781e01-b928-401f-86f4-d42b0a3b55ab,7,7,38.57142857142857,30,positive,studying,8.57142857142857
fada6910-2cc5-4600-808c-1e6066f795a6,18,13,35.05555555555556,30,positive,technology,5.055555555555557
fbd3e09c-b5a3-4e6d-bb3c-c729d54c5f3b,22,11,34.54545454545455,20,neutral,soccer,14.545454545454547
fbd8f70d-d62d-42e8-9508-9f5815ab578c,39,16,43.170731707317074,50,positive,education,6.829268292682926
fc346df4-d165-4ed0-8d43-a6896daf908e,21,11,52.31818181818182,65,positive,public speaking,12.68181818181818
fc462e49-0f19-4601-9f92-a31c9542887c,38,15,43.73684210526316,50,positive,education,6.2631578947368425
fd060448-7b3e-4626-b3ca-44bfe764e26f,32,14,37.08571428571429,20,neutral,cooking,17.08571428571429
fd0a3090-6b89-4c4e-9192-1aa4db213a3e,28,13,50.54838709677419,50,positive,cooking,0.5483870967741922
fdca8d15-966b-4825-8133-1fafc5c1f9fc,25,15,42.92,50,positive,dogs,7.079999999999998
fe06b730-b1f8-4f55-af1a-52487d8f1ec6,22,11,41.69565217391305,45,positive,animals,3.3043478260869534
fea8d77c-fd0b-4678-868f-fbae567642f3,6,6,47.833333333333336,50,positive,science,2.1666666666666643
fea9077f-2fe7-43bd-aaef-dc2619988d94,6,5,33.333333333333336,30,positive,culture,3.3333333333333357
ff883828-a610-492d-8635-8a777eaad25f,41,15,37.77272727272727,35,neutral,education,2.7727272727272734
